Salary,NBA_DraftNumber,Age,G,MP,PER,TS%,3PAr,FTr,ORB%,DRB%,TRB%,AST%,STL%,BLK%,TOV%,USG%,OWS,DWS,WS,WS/48,OBPM,DBPM,BPM,VORP
815615,43,22,16,87,0.6,0.303,0.593,0.37,6.5,16.8,11.7,1.5,1.1,6.8,18.2,19.5,-0.4,0.1,-0.2,-0.121,-10.6,0.5,-10.1,-0.2
3477600,42,33,66,937,16.8,0.608,0.004,0.337,11,25,18.5,15.4,1.9,1.3,19.3,17.2,1.7,1.4,3.1,0.16,-0.6,1.3,0.8,0.7
12307692,19,36,59,1508,17.3,0.529,0.193,0.14,7,23.8,15,14.9,1.4,0.6,12.5,27.6,0.3,1.1,1.4,0.046,-0.6,-1.3,-1.9,0
3202217,13,22,24,656,14.6,0.499,0.346,0.301,1.4,14.4,7.7,18.6,1.8,0.5,9.7,29.5,-0.1,0.5,0.4,0.027,-0.7,-2,-2.6,-0.1
3057240,10,20,62,979,8.2,0.487,0.387,0.146,4.9,18.3,11.7,7.3,0.8,2.5,15.6,15.5,-0.4,1.2,0.8,0.038,-3.7,0.9,-2.9,-0.2
1312611,62,24,79,2238,11.5,0.543,0.489,0.141,1.3,11.3,6.1,13.3,1.4,0.3,9.1,17,1.6,1.6,3.1,0.067,-0.4,-0.5,-0.9,0.6
74159,62,30,2,7,-4.9,0,0.667,0,15.9,15.4,15.7,0,7.2,0,0,19.2,-0.1,0,0,-0.251,-12.6,-0.7,-13.3,0
46080,62,23,5,118,0.9,0.315,0.333,0.214,0,5,2.5,23.2,2.6,2.4,19.3,21.7,-0.5,0.1,-0.4,-0.169,-8.7,-1.9,-10.6,-0.3
12016854,23,30,70,2200,11.1,0.543,0.39,0.186,5,14,9.5,9.7,0.9,1.4,12,14.6,2,1,3.1,0.067,-0.4,-0.6,-1,0.5
1435750,35,23,45,430,20.6,0.592,0.075,0.555,13.6,25.2,19.3,11,1.8,2.8,15.4,21.7,0.8,0.6,1.4,0.156,-0.1,0.6,0.5,0.3
1577230,62,27,42,428,19.2,0.671,0.017,0.455,9.1,21.7,15.5,3.6,1,4.3,11.6,16.6,1,0.5,1.6,0.175,-0.8,0,-0.8,0.1
3704160,6,24,70,1943,17.1,0.523,0.017,0.32,7.2,21.7,14.1,13.5,1.9,3.1,11.3,21.6,1.3,2,3.3,0.082,-1.6,1.6,0,1
3533333,40,27,77,2530,15.9,0.557,0.409,0.221,2.9,14.2,8.6,18.5,1.6,1.6,11.8,20.5,3.9,1.7,5.6,0.106,1.4,-0.6,0.8,1.8
17884176,62,31,63,2131,11.4,0.541,0.577,0.145,1.4,9.1,5.2,12.3,1.8,0.7,10.1,17.6,1,1.7,2.7,0.061,0.2,-0.1,0.2,1.2
5881260,4,30,70,1422,9.8,0.512,0.484,0.157,2.1,14,8.1,5.3,2.5,3.6,12.6,13,-0.1,1.8,1.7,0.056,-2.2,2.5,0.3,0.8
1050000,33,23,58,902,7.6,0.464,0.205,0.215,4,11.8,7.9,7.9,1.7,1,11.6,11.8,-0.1,0.6,0.5,0.027,-4,0.4,-3.6,-0.4
1312611,62,23,35,692,11.8,0.551,0.454,0.219,2.6,6.9,4.7,16.1,1.3,0.7,15.5,22.7,0.1,0.2,0.4,0.025,-0.7,-3.2,-4,-0.3
6270000,28,30,74,1962,12.1,0.582,0.83,0.113,1.2,10.9,6.1,6,1.3,0.3,6.9,17.3,2.3,1.9,4.1,0.101,1.6,-1.7,-0.1,0.9
1874400,17,21,4,29,17,0.73,0.143,1.286,0,18.6,9.4,10.7,0,0,15.4,19.6,0.1,0,0.1,0.177,-0.6,-2.6,-3.1,0
50000,62,23,4,7,35.9,0.6,0,0,32.3,17,24.8,0,0,13.4,16.7,38.5,0,0,0,0.099,-3.1,-5.8,-9,0
8000000,5,41,55,971,10.6,0.519,0.584,0.126,1.9,14.9,8.1,9.3,2.1,2.5,10.7,14.7,0.2,0.8,1,0.051,-1.6,0.4,-1.3,0.2
21000000,2,25,72,2471,23.1,0.576,0.324,0.28,2.1,15.1,8.7,21,3.4,2,12.6,30.2,4.2,3.8,8,0.156,3.5,1.2,4.7,4.2
50000,62,25,5,45,-1.8,0.255,0.4,0.4,0,2.4,1.2,8.1,1.1,0,33.8,8.4,-0.1,0,-0.1,-0.103,-8.7,-1.4,-10.1,-0.1
2328652,62,37,14,72,1.8,0.252,0.533,0.133,4.7,10.9,7.8,9.2,0,2.4,11.2,11.2,-0.1,0.1,-0.1,-0.057,-7.2,-0.4,-7.5,-0.1
1471382,24,21,78,1404,14.1,0.574,0.372,0.247,1.3,9.4,5.3,20.9,3.2,0.4,13.9,12.7,2.3,1.1,3.4,0.116,0.8,-0.3,0.5,0.9
13000000,2,35,46,1151,14.3,0.657,0,0.503,12.2,26.9,19.4,6.6,0.7,1.9,20.5,10.6,1.9,0.8,2.6,0.11,-1.4,1,-0.4,0.5
3290000,4,28,52,1607,21.2,0.561,0.354,0.258,3.1,16.3,9.5,31.5,1.8,1,11.5,28.5,3,1.2,4.3,0.128,4.5,-0.7,3.7,2.3
1709538,17,28,62,1025,15.9,0.585,0.088,0.241,11,19.6,15.2,6.8,0.7,2.5,11.3,17,1.7,0.8,2.5,0.119,-1.3,-0.5,-1.8,0
1312611,34,22,68,1563,9.7,0.459,0.267,0.183,1.5,6.8,4.1,27.5,2,0.3,17.6,18.2,-0.8,0.5,-0.4,-0.011,-3,-2.3,-5.4,-1.3
1579440,24,21,1,2,0,,,,0,0,0,0,0,0,,0,0,0,0,-0.016,-5.6,-0.9,-6.5,0
5881260,62,25,69,1964,13,0.55,0.46,0.186,1.8,11.5,6.6,12.3,1.4,1.4,9.4,18.6,1.9,2.2,4,0.099,-0.1,-0.2,-0.4,0.8
1524305,18,23,50,584,10.4,0.459,0.265,0.108,2.9,11.6,7.3,21.9,1.9,1.4,13.4,16.3,0,0.6,0.6,0.052,-3.1,-0.2,-3.3,-0.2
815615,41,21,53,897,9.3,0.478,0.52,0.157,2.1,13.2,7.7,13.2,0.9,0.4,8.8,20,-0.2,0.4,0.1,0.008,-2.2,-2.4,-4.6,-0.6
679919,62,23,39,518,13,0.567,0.586,0.138,9.7,17.7,13.7,7.9,0.8,0.7,8,14.8,0.9,0.3,1.2,0.109,0.5,-1.5,-1,0.1
1471382,62,23,21,307,15.2,0.544,0.349,0.275,8,14.8,11.4,7.8,3.2,1.1,13.5,20.1,0.2,0.4,0.5,0.085,-0.1,0.1,0,0.2
3408520,62,26,78,1609,10,0.585,0.798,0.112,0.8,7.7,4.2,4.6,0.7,0.3,8.3,17.2,1.5,0,1.5,0.045,0.8,-3.7,-2.8,-0.3
16400000,4,26,49,1017,13.7,0.573,0,0.349,13.3,23.6,18.5,4.2,0.8,1.4,12.2,12.5,1.7,0.7,2.4,0.115,-1.6,-0.7,-2.3,-0.1
46080,62,27,1,1,0,,,,0,0,0,0,0,0,,0,0,0,0,-0.001,-5.7,-0.1,-5.9,0
2441400,12,22,70,1366,18,0.589,0.398,0.267,4.5,23.8,14.2,10.1,1.1,2.1,9,21.2,2.6,1.2,3.8,0.133,0.6,-1.4,-0.8,0.4
784160,9,25,32,648,22.8,0.576,0.262,0.133,2.1,8,5.1,38.1,1.5,0.5,8.8,25.9,2,0.3,2.3,0.167,5.3,-3.3,2,0.7
9125000,23,30,64,1085,14.8,0.563,0.089,0.275,10.8,18.7,14.8,11,1.2,1.5,14.1,16.5,1.5,1.2,2.7,0.12,-1.1,0.6,-0.5,0.4
7420912,43,32,64,2179,12.1,0.573,0.713,0.143,1.7,13,7.4,6.9,2.1,0.5,7,14.4,2.7,2.6,5.3,0.117,1,0.6,1.7,2
1312611,62,24,63,1050,9,0.553,0.439,0.267,4.2,8.3,6.2,7.9,1.5,0.2,9.9,11.3,1,0.7,1.7,0.079,-0.6,-0.4,-1,0.3
148318,62,27,13,172,9.8,0.562,0.719,0.14,0,18.5,9.3,3.3,0.8,1.9,6.2,15.9,0.1,0.2,0.3,0.088,-2,-1.9,-4,-0.1
9821429,20,26,71,1955,8.4,0.584,0.63,0.116,0.5,7.3,4,6.5,1.2,1.1,7.7,10.5,1.6,0.7,2.3,0.056,-0.4,-1.3,-1.7,0.2
15453126,28,35,52,1020,13.1,0.499,0.094,0.198,0.6,9.3,4.9,29,1.4,0.1,13.4,20.6,0.4,1.1,1.5,0.072,-2.1,-1.6,-3.8,-0.5
1414920,28,20,9,29,9.5,0.337,0.091,0.182,15.9,27.2,21.6,5,0,0,0,18.5,0,0,0,0.03,-6.6,-3.1,-9.7,-0.1
2116955,25,36,22,273,8.7,0.514,0.132,0.231,8.2,10.4,9.4,4.6,1.9,0.9,15.9,18.9,-0.2,0.2,0.1,0.016,-3.9,-1.3,-5.2,-0.2
3000000,32,26,69,1535,15.4,0.618,0.265,0.27,4.7,11,7.8,25.1,1.6,0.8,16.4,13.7,3.5,1.2,4.7,0.147,1.3,-0.3,1,1.2
16000000,19,25,76,2546,17.4,0.569,0.369,0.178,2.4,15.6,8.9,11.6,1.3,1.1,7.2,23.2,4.3,2.5,6.7,0.127,1.7,-0.7,1,1.9
1386600,24,22,52,807,7,0.511,0.592,0.217,1.9,7.5,4.8,9.4,0.7,0.5,11.5,17.5,0.1,0.7,0.8,0.046,-2.3,-2.4,-4.6,-0.5
15280000,62,31,28,339,10.2,0.589,0.212,0.294,8.7,18.7,13.6,3.6,0.7,2.4,24.4,16.2,-0.1,0.3,0.2,0.026,-4.8,-0.6,-5.4,-0.3
16500000,24,25,56,1856,14.4,0.531,0.476,0.209,1.9,11.2,6.6,12.5,1.6,0.5,9,23.8,1.5,1,2.5,0.065,1.6,-1.9,-0.2,0.8
2000000,62,27,56,807,11.2,0.477,0.335,0.183,2.5,12.7,7.7,31.4,2.6,0.8,23.7,12.7,0.4,0.9,1.3,0.079,-2.3,0.1,-2.2,0
2684160,10,20,71,1205,10.5,0.502,0.326,0.293,7.3,14.4,10.9,5.3,1.6,3.7,10.8,14.6,0.4,1.1,1.5,0.061,-2.5,0.1,-2.4,-0.1
815615,42,20,11,34,7.7,0.473,0.556,0.667,3.2,15.6,9.4,7.8,0,0,7.9,15.8,0,0,0,0.037,-3.8,-3.3,-7.1,0
14796348,12,29,78,2544,14.7,0.528,0.212,0.104,7.9,14.1,11.1,8.4,2.5,1.2,10.5,17.3,2.1,3.1,5.2,0.099,0.1,1.3,1.4,2.2
5250000,13,33,38,806,15.9,0.591,0.35,0.225,4.1,18.5,11.4,6.4,3.2,1.3,10.2,16.4,1,1.6,2.6,0.153,-0.3,2.2,1.8,0.8
1988520,16,23,77,1980,15.4,0.524,0.499,0.188,3.4,16.2,9.9,17,2,0.7,8,20.5,2.3,3.3,5.6,0.135,1,1,2,2
10500000,8,26,22,576,10.3,0.515,0.48,0.198,1.9,11.6,6.7,8.9,2.3,1.2,11.5,16.6,-0.1,0.5,0.5,0.038,-1.8,0.1,-1.7,0
1785000,21,19,59,728,7,0.532,0.692,0.063,2.8,3.9,3.3,3.2,1.6,1.2,6.3,10.3,0.5,0.5,1.1,0.07,-1.5,-1.3,-2.8,-0.1
2422560,12,23,79,2359,12.3,0.544,0.463,0.184,2.2,15.4,8.8,13.4,1.7,1.5,15.5,21.7,-0.3,1.9,1.6,0.032,-1.1,0,-1.1,0.5
3290000,62,26,48,474,14.9,0.589,0.078,0.478,14.4,19.9,17.1,3.8,2.1,4.7,18.7,15.9,0.6,0.9,1.4,0.144,-2.6,2,-0.5,0.2
14000000,26,32,78,2613,15.4,0.615,0.05,0.253,8,16.5,12.2,5.3,1.1,1.8,9.9,14.6,5.3,1.5,6.8,0.124,1,0.1,1.2,2.1
3152931,14,24,65,2142,17.7,0.541,0.085,0.24,6.1,10.6,8.3,7.2,1.5,1.5,6.7,24.9,2.7,0.8,3.5,0.077,-0.1,-1.8,-1.9,0.1
1471382,62,25,72,1651,12.3,0.546,0.148,0.096,2.4,11.5,7.1,24.7,2.6,0.6,20.8,13.8,1.2,2.4,3.6,0.105,-1.9,1.1,-0.7,0.5
2028360,18,20,50,428,10.5,0.554,0.322,0.099,6.9,13.4,10.2,2.6,0.6,0.8,7.3,14.2,0.5,0.3,0.7,0.084,-1.9,-2.7,-4.7,-0.3
22471910,12,24,73,2390,20.8,0.628,0.003,0.397,16.9,13.9,15.5,5.5,1.9,2.9,13.3,16.7,6.4,2.9,9.3,0.187,2.2,1.2,3.4,3.3
815615,46,22,51,728,9.5,0.513,0.44,0.126,4.2,17.6,10.9,4.6,2.1,1.3,10.6,14,0.1,0.7,0.8,0.05,-2.8,-1,-3.8,-0.3
34682550,7,29,51,1631,28.2,0.675,0.58,0.35,2.7,14.4,8.9,30.2,2.4,0.4,13.3,31,7.2,1.9,9.2,0.27,9.8,-1.2,8.6,4.4
3097800,8,21,65,1773,9.1,0.483,0.418,0.264,1.8,13.2,7.4,8.2,2.6,0.6,11.3,16.4,-0.6,2.3,1.8,0.048,-2.6,1.2,-1.4,0.3
1524305,38,24,77,2217,16,0.526,0.508,0.323,1.9,10.3,6.1,35.1,1.4,0.8,11.6,20.3,4.2,1.3,5.5,0.118,2.1,-1.7,0.4,1.3
12236535,23,26,8,127,6.8,0.385,0.563,0.125,4.4,12.4,8.6,16.9,1.5,0.6,12.9,13.2,-0.1,0.1,0,0.01,-3.1,-0.5,-3.6,-0.1
1312611,28,21,60,1240,14.3,0.513,0.111,0.258,8.7,18.2,13.2,9.1,1,3.7,12.5,21.1,0.4,0.9,1.3,0.051,-2.7,0,-2.7,-0.2
815615,48,23,69,1059,8.1,0.517,0.262,0.383,3.2,10.1,6.7,7,2.1,1.8,15.5,11.6,0.1,0.9,1,0.048,-2.6,1.2,-1.4,0.2
6000000,34,27,65,1283,13.7,0.526,0.332,0.244,1.9,11.9,6.8,29.3,1.9,0.5,16.4,17.5,1.1,1,2,0.076,-1,-1.2,-2.2,-0.1
7692308,4,32,68,1081,11.6,0.539,0.012,0.176,3.6,8.9,6.4,16.5,1.5,1.5,13.8,16.5,0.9,1,1.8,0.082,-2.5,-0.8,-3.3,-0.4
92160,62,24,20,291,15.2,0.534,0.221,0.347,2.5,16.5,9.4,18.1,3.5,1.9,12.7,18.3,0.2,0.3,0.6,0.091,-1.3,1.5,0.2,0.2
1524305,18,25,50,686,10.2,0.506,0.387,0.17,2,10.1,6.1,16.3,1.8,0.2,12.2,15.5,0.3,0.9,1.3,0.088,-2.3,0,-2.4,-0.1
2361360,24,26,70,1455,14.5,0.553,0.414,0.268,1.8,9.9,5.9,15.1,2.7,0.8,13.8,19.5,1.3,1.9,3.2,0.105,0,0.4,0.4,0.9
1577230,14,25,41,385,14.4,0.5,0.147,0.229,6,14,10,6.4,1.2,0.7,3.1,22.3,0.3,0.2,0.5,0.064,-2,-3.8,-5.8,-0.4
20061729,24,28,73,2010,14.5,0.569,0.381,0.155,4.3,21.2,12.9,4.4,0.7,3.7,9.6,19.4,1.9,2.8,4.8,0.114,-0.9,0.5,-0.4,0.8
1291892,37,23,69,1049,4,0.448,0.689,0.25,3.7,11,7.4,2.4,1,0.2,10.8,8.7,-0.3,1.2,0.9,0.042,-3.8,0.3,-3.5,-0.4
1524305,62,28,48,537,9.5,0.475,0.5,0.238,0.6,14.9,7.7,11.5,0.8,0.6,10.3,24.6,-0.5,0.3,-0.2,-0.02,-3.7,-3.8,-7.5,-0.7
74159,62,28,1,8,-4.6,0.266,0,2,0,0,0,15.8,0,0,34.7,16.4,0,0,0,-0.237,-14.8,-5.9,-20.7,0
1794600,18,23,69,817,11.1,0.526,0.251,0.222,5.2,15.5,10.4,6,1.3,0.9,10.3,15.5,0.4,0.6,1.1,0.063,-2.4,-0.9,-3.3,-0.3
1471382,62,31,61,729,17.8,0.644,0.022,0.482,12.6,25.3,18.8,7.2,1.5,8.2,19,12.8,1.3,1.3,2.7,0.177,-2.1,5.4,3.2,1
19578455,21,29,66,1725,12.6,0.592,0.706,0.194,6.2,15.4,10.8,5.1,0.7,1,7.5,14.4,3.1,1.6,4.7,0.131,1.1,-0.8,0.2,1
28530608,4,29,77,2801,25,0.528,0.194,0.339,5.4,25.3,15,49.4,2.5,0.6,16.4,34.3,5.5,4.3,9.8,0.168,5.2,3,8.2,7.2
21974719,27,25,52,1702,20.9,0.659,0,0.682,10.3,27.5,19,6.7,1.2,6.1,15.5,16.9,4,3.6,7.6,0.214,-0.3,4.5,4.2,2.7
8406000,8,31,54,1160,17.8,0.545,0.219,0.268,6.7,19.5,13.1,9.5,1.9,2.6,11.6,24.5,0.9,2,2.9,0.121,-0.8,1,0.2,0.6
815615,62,24,65,1052,10.4,0.521,0.412,0.267,2.7,20.2,11.5,12.3,1.7,1.2,15.1,14.8,0.3,1.7,1.9,0.087,-2.7,1.7,-1.1,0.2
1471382,23,23,64,1811,17.3,0.55,0.074,0.436,5.8,19.8,12.7,14.2,1.6,1.7,11.5,22.6,2.3,1.8,4.1,0.108,-1.1,0.9,-0.2,0.8
4328000,62,24,29,385,9.3,0.504,0.559,0.441,1.4,7.2,4.3,15.5,3.3,1.4,20.4,10,0.1,0.4,0.5,0.059,-1.9,0.9,-1,0.1
92160,62,23,12,203,4.1,0.427,0.577,0.127,0,8.2,4.1,7.1,0.7,1.2,9.6,18,-0.3,0.1,-0.3,-0.06,-5,-2.7,-7.7,-0.3
1312611,62,26,15,258,12.4,0.623,0.484,0.094,3.5,8.3,5.9,6.9,1.6,0.7,5.7,12.3,0.4,0.3,0.7,0.131,0.3,-0.6,-0.3,0.1
2386864,23,25,58,1576,14.4,0.545,0.447,0.162,1.6,9.8,5.8,9.7,1.4,0.6,8.1,24.6,1.1,1.4,2.5,0.077,0.2,-2.2,-2.1,0
13788500,15,29,64,1690,14.7,0.552,0.022,0.14,8.2,10.2,9.2,12.3,0.4,2.8,13.5,20.4,1.2,0.8,2,0.057,-1.6,-0.2,-1.9,0.1
16698103,62,27,76,2408,12.8,0.562,0.656,0.162,2.5,15.3,9.1,8.7,2.6,2.2,12.3,17.5,1.5,4.2,5.7,0.113,0.4,2,2.4,2.7
14275000,5,27,73,2185,15,0.533,0.33,0.307,2.2,15.2,8.8,28.3,2.6,0.4,18.3,22.8,1.2,3.5,4.7,0.103,-0.1,1.5,1.3,1.8
1471382,37,24,44,668,16.8,0.566,0.144,0.236,8.6,22,15.5,12.8,1.3,3.2,8.4,16.7,1.3,1.1,2.4,0.175,-0.5,1.9,1.4,0.6
2500000,13,37,20,163,6.3,0.499,0.259,0.259,1.4,10.4,5.9,12,0.6,0.5,14.3,9.3,0.1,0,0.1,0.028,-3.8,-2.1,-5.9,-0.2
16000000,24,27,41,1084,15.5,0.516,0.294,0.231,2.7,9.3,5.9,32.1,1.1,0.3,14.3,27.4,0.7,0.9,1.6,0.069,0.5,-2.1,-1.6,0.1
2500000,25,26,62,1732,13.6,0.615,0.515,0.09,1.7,8.3,4.9,8.4,1.4,0.7,7.6,15.7,2.8,1.5,4.3,0.118,1.3,-0.6,0.7,1.2
2328652,5,33,79,1324,13.2,0.492,0.41,0.08,2,11.1,6.4,22.9,1.8,1,11.5,20.4,0.9,1.3,2.2,0.08,-1.1,-1.8,-2.8,-0.3
1471382,47,25,39,478,12.3,0.554,0.313,0.224,1.7,9.4,5.6,23.2,1.2,0.7,16.5,18.3,0.4,0.5,0.9,0.094,-1.7,-1.3,-3.1,-0.1
1889040,17,21,28,212,9.3,0.546,0.661,0.107,1.6,9.9,5.8,8.7,1.2,1.2,9.3,13.8,0.1,0.1,0.2,0.05,-1.9,-2.9,-4.7,-0.1
2328652,56,31,27,391,10.8,0.473,0.224,0.483,1.7,9.1,5.5,26.5,1.8,0.4,17.6,19.2,0,0.3,0.3,0.031,-3.2,-2,-5.2,-0.3
3300000,21,31,61,1591,14.9,0.519,0.303,0.094,2,14.4,8.4,41.6,1.8,0.5,22.6,16.8,1.7,1.5,3.2,0.095,-0.6,-0.9,-1.5,0.2
100000,62,24,29,597,13.4,0.6,0.41,0.102,1.6,10.1,6.2,16.7,0.9,0.1,10.8,17.7,1,0.4,1.4,0.11,0.7,-2.7,-2,0
3853931,26,29,23,196,4,0.398,0.449,0.347,4.2,10.7,7.4,6.3,2,0.9,16.3,15,-0.3,0.1,-0.2,-0.046,-6.1,-0.6,-6.6,-0.2
1709538,37,27,66,1270,7.5,0.51,0.797,0.173,3.1,17.2,10.1,5.9,1.1,1.6,14.1,14.3,-0.4,1,0.6,0.024,-2.5,-0.3,-2.8,-0.2
1312611,48,23,54,824,5.2,0.444,0.47,0.111,1.6,15.9,8.5,8,1.2,1.6,14.9,15.2,-1.2,0.6,-0.6,-0.033,-5.5,-0.3,-5.8,-0.8
31269231,47,32,34,1008,18.2,0.564,0.258,0.36,6.3,18.3,12.3,14.6,1.9,3.3,12.9,22.4,1.5,1,2.5,0.12,0.6,0.8,1.4,0.9
19508958,10,27,76,2779,18.4,0.566,0.447,0.3,2.7,15,8.7,14.7,2.8,1.2,12.3,25.6,4.5,3.8,8.3,0.143,2.3,0.1,2.4,3.1
16000000,3,37,74,1753,19,0.54,0.189,0.331,7.9,30.3,19,20,0.6,3.7,13.3,20.7,2.6,3.2,5.8,0.158,-0.2,3.3,3.1,2.3
10714286,55,29,79,2018,12.1,0.562,0.606,0.178,1.4,7,4.1,16.1,1.3,0.5,12.4,17.8,2.1,2.1,4.2,0.099,1,-1.3,-0.2,0.9
5192000,14,28,79,1234,9.7,0.545,0.638,0.165,2.7,14.5,8.4,5.8,1.9,1.7,10.3,10.8,1,1.4,2.4,0.092,-1.8,0.3,-1.5,0.2
1312611,38,22,57,961,7.4,0.477,0.356,0.151,2,7.1,4.8,10.6,2.2,0.8,14.6,12.8,-0.3,0.9,0.6,0.031,-2.9,-0.4,-3.3,-0.3
5513514,42,29,11,334,12.3,0.53,0.504,0.143,5.4,9.4,7.4,13.8,2.6,1.2,16.5,19.6,0.1,0.3,0.4,0.057,0.4,0.3,0.7,0.2
1471382,41,25,78,1432,9.3,0.535,0.542,0.113,2.6,9,5.8,8.9,0.7,1.2,9.3,13.5,1.1,1.2,2.3,0.077,-0.9,-0.6,-1.5,0.2
1312611,27,23,77,1577,14.9,0.554,0.268,0.178,5.5,18.8,12.2,13.3,1.9,2,11,15.9,2.1,2.3,4.5,0.136,0.1,2.1,2.2,1.7
7590035,35,32,78,2170,8.4,0.537,0.692,0.145,4.6,17.4,11,4.6,1.8,0.9,13.3,10.3,1,2.8,3.8,0.083,-1.3,1.5,0.2,1.2
24773250,3,24,74,2349,18.4,0.601,0.357,0.145,4.7,18,11.4,10,2.4,1.4,7.1,18.4,4.9,3,7.9,0.161,2.5,1.1,3.6,3.3
2106470,23,29,53,740,15.5,0.632,0.106,0.333,4.9,23.9,15.1,9.5,1.2,2,13.5,16.3,1.2,1,2.2,0.143,-1.4,0.2,-1.3,0.1
10595505,36,31,14,121,4.5,0.423,0,0.75,6.5,26.1,16.6,2,0.4,1.3,19,9.4,-0.1,0.1,0,0.006,-7.4,-0.8,-8.2,-0.2
1312611,62,25,6,80,8.9,0.577,0.688,0.188,4.2,11.2,7.7,3.5,0.6,1.1,5.5,10.3,0.1,0.1,0.2,0.098,-1.5,-1.3,-2.8,0
1645200,23,20,70,1389,9.5,0.575,0.565,0.183,3.3,9.9,6.6,5.2,1.8,0.6,10.8,12.3,1.1,1.5,2.6,0.09,0,0.3,0.3,0.8
1471382,46,24,66,1003,8.4,0.496,0.489,0.11,1.5,10.8,6.2,11.5,1.6,1.2,14.5,18.9,-0.6,1.1,0.5,0.026,-2.5,-0.5,-3,-0.3
3505233,9,22,54,875,12.8,0.509,0.282,0.248,8.6,30.1,19.2,5.7,1.1,1.6,10.7,14.5,0.5,1.2,1.7,0.091,-3.4,0.3,-3.1,-0.2
12250000,16,27,54,1619,19.7,0.536,0.25,0.115,6.6,27.6,17,19.3,1.6,2.9,11.1,25.9,1.3,2.2,3.5,0.104,0.6,2,2.6,1.9
12500000,23,26,51,1352,17.8,0.567,0.525,0.21,4.1,24,14.1,8.7,1.4,2.2,8,23.2,1.6,1.5,3.2,0.113,0.9,-0.8,0.1,0.7
1471382,41,22,71,2288,24.4,0.607,0.279,0.317,9.2,27.7,18.4,29.2,1.8,2.1,15.8,24.1,7.3,2.6,9.9,0.208,4.8,2.1,6.9,5.1
3807146,8,24,37,459,9.1,0.554,0.669,0.165,0.7,12.6,6.6,10.1,0.8,0.5,13.4,15.5,0.1,0.2,0.3,0.035,-2,-1.8,-3.9,-0.2
92160,62,23,6,60,2.4,0.362,0.611,0.167,1.8,8,4.7,11,0,1.6,9.4,15.7,-0.2,0,-0.2,-0.134,-6,-4.1,-10,-0.1
1312611,62,24,4,10,-4.6,0,1,0,0,33.5,16.8,0,0,0,0,8.7,0,0,0,-0.18,-13.8,-4.8,-18.6,0
22434783,25,29,61,1918,14.3,0.518,0.422,0.204,3,13.8,8.3,26,1.6,1,15,18.2,1.6,1.7,3.3,0.082,0.8,0.4,1.2,1.6
5192000,16,32,76,1307,10.1,0.562,0.669,0.123,1.8,7.5,4.8,3.5,1.3,0.4,7.3,18,0.7,0.9,1.6,0.059,-0.2,-3.4,-3.7,-0.5
2328652,12,37,13,72,13.8,0.666,0,0.421,8.9,20.7,14.6,8.6,0,0,23.7,17.6,0.1,0,0.1,0.08,-3.2,-2.8,-6,-0.1
4187599,6,23,30,472,16.2,0.558,0.01,0.267,11,29.1,19.8,6.3,3.3,4.1,18.1,13.8,0.4,1,1.3,0.137,-3.4,4.6,1.2,0.4
3477600,7,35,50,732,17,0.604,0.009,0.442,8.1,18.5,13.3,9.6,1.8,1.6,11.7,19,1.6,1,2.6,0.17,-1.2,0.6,-0.6,0.3
3949999,35,29,63,1286,12.9,0.598,0.49,0.13,4.2,19.1,11.6,8.6,1.7,1,12,14.3,1.7,1,2.7,0.1,0.8,-0.2,0.6,0.8
92160,62,24,1,1,134.1,1.5,1,0,0,0,0,0,0,0,0,45.1,0.1,0,0.1,2.713,68.7,-14.3,54.4,0
50000,38,26,5,19,-2.9,0.167,0,0,6.1,5.9,6,7.1,0,0,0,14.2,-0.1,0,-0.1,-0.141,-10.3,-2.2,-12.5,-0.1
2569920,11,21,61,1761,17.6,0.581,0.241,0.333,5.9,20.1,13.1,7.2,1.1,5.7,11.5,20.1,2.6,2.5,5,0.137,-0.6,1.9,1.4,1.5
1471382,32,24,72,1190,24.9,0.656,0.012,0.417,9.3,17.1,13.3,9.2,1.3,3.3,9.8,23.8,4.1,1.2,5.3,0.213,2.4,-0.1,2.3,1.3
10500000,62,32,10,159,13.5,0.623,0.789,0,2.2,14.8,8.5,9.5,1.3,0.5,10.9,18.2,0.2,0.1,0.3,0.09,1.6,-3.3,-1.7,0
3025035,62,28,1,2,-41.1,0,0,0,0,0,0,0,0,0,0,43.6,0,0,0,-1.063,-36.5,-12.7,-49.2,0
6000000,62,30,45,1134,11.7,0.564,0.644,0.128,1.6,10.5,6.1,26.2,1,0.4,20.3,18.2,0.9,0.5,1.4,0.061,0.7,-2,-1.3,0.2
12500000,26,29,52,888,10.7,0.57,0,0.328,9.6,18.5,14,7.3,0.9,2.9,23.7,13.1,0.1,0.7,0.8,0.042,-3.9,1.4,-2.5,-0.1
1709538,43,29,72,1320,13.7,0.608,0.313,0.14,3.7,15.8,9.8,8.9,0.8,0.7,12.8,19.8,1.4,1,2.3,0.085,-0.4,-1.7,-2.2,-0.1
5000000,44,26,50,984,14.6,0.599,0.526,0.203,6,18.3,12.2,7,1.5,2.3,11,15.8,1.4,0.9,2.3,0.112,0,0.2,0.2,0.6
87552,62,27,36,687,13.9,0.469,0.305,0.262,2,12.2,7,29.5,2,0.8,12,25.1,-0.1,0.3,0.2,0.016,-0.8,-1.8,-2.7,-0.1
28530608,4,30,12,373,15.5,0.52,0.458,0.393,0,8.6,4.2,22.3,1.6,0.8,8.4,25.9,0.4,0.2,0.6,0.079,1.2,-3.4,-2.2,0
13000000,2,24,71,1778,12.6,0.534,0.004,0.296,4.9,13.2,9,6,1.3,1.5,7.6,16.4,1.6,1.5,3.1,0.083,-2.1,0.3,-1.8,0.1
2700000,11,26,52,835,10.9,0.446,0.258,0.389,4.7,13.4,8.9,19.5,2.6,2.3,16.2,16.6,-0.2,1.1,0.8,0.048,-2.6,2,-0.7,0.3
2116955,2,29,70,1582,17.7,0.557,0.101,0.195,6.3,21.5,13.9,12.4,1,2.2,14.1,26.8,0.9,1.4,2.2,0.068,-1.1,-0.6,-1.7,0.1
9904495,11,25,30,237,16.8,0.661,0.333,0.139,5.1,24.2,14.8,10.6,1.3,0,11.6,16,0.6,0.3,0.9,0.181,0.6,-0.3,0.3,0.1
815615,62,26,69,1155,12.9,0.567,0.407,0.203,6.3,14.8,10.4,6.1,1.1,3.4,7.9,13.5,1.5,1.2,2.6,0.11,-1.2,1.2,0,0.6
10162922,15,24,59,1264,12.6,0.596,0.397,0.199,4,9.9,7,6,1.9,2.8,11,12.6,1.6,1.6,3.2,0.122,-0.2,2,1.8,1.2
9607500,62,27,37,702,8.7,0.506,0.517,0.168,2.2,8.4,5.3,27.3,1,0,23.1,13.4,0.3,0.2,0.5,0.034,-2.2,-3.6,-5.8,-0.7
50000,62,24,3,11,-0.7,0.417,0.833,0,0,10.2,5.1,0,0,0,14.3,28.6,-0.1,0,0,-0.196,-8.6,-8.6,-17.1,0
14041096,22,27,70,1373,16.8,0.582,0.003,0.48,10.3,21,15.6,14.6,1.7,4.7,18.8,16.6,1.7,1.6,3.3,0.115,-1,2.6,1.6,1.3
13168750,2,31,75,1941,13.3,0.593,0.537,0.223,3.9,16.4,10,6.7,1.3,1.5,9.7,14.5,2.7,1.8,4.5,0.11,0.7,0.4,1.1,1.5
86119,25,29,3,76,38.1,0.733,0.405,0.31,4.5,4.7,4.6,32.6,3.3,1.2,7.7,30.6,0.5,0.1,0.6,0.365,13.5,-2.9,10.6,0.2
100000,62,25,8,52,10.9,0.697,0,5.333,9.1,29.3,19.3,4.8,0,1.6,23,11.4,0.1,0,0.2,0.143,-3.7,-2,-5.7,0
2116955,16,30,50,647,13.9,0.541,0.678,0.158,3.4,18.7,11,9.5,0.5,2.7,9.4,26.9,0.2,0.5,0.7,0.052,0.3,-3,-2.7,-0.1
83129,29,24,3,74,5.8,0.302,0.25,0.313,1.5,8,4.7,24.9,2.7,0,14.2,12.9,-0.1,0.1,-0.1,-0.036,-5.8,-1.5,-7.3,-0.1
3073800,8,20,71,1501,10.8,0.504,0.401,0.319,5.1,22.8,13.8,8.1,1.6,3.8,16.6,17.9,-0.9,1.5,0.6,0.018,-3.5,1.3,-2.1,-0.1
8000000,13,28,69,1872,13.3,0.573,0.298,0.181,4.3,19.3,11.8,10.8,1.4,1.8,15.2,19.3,1.1,2,3.2,0.081,-1,0.6,-0.4,0.8
7026240,1,19,10,176,10.3,0.404,0.014,0.233,4.5,10,7.4,27.6,1.6,1.4,11.1,22,-0.1,0.2,0.1,0.025,-4.7,-0.5,-5.1,-0.1
4078320,5,22,71,1544,13.6,0.544,0.437,0.162,2.7,16,9.3,9.4,2.4,1.6,11.4,19.8,0.4,1.7,2.1,0.065,-1.1,0.2,-0.9,0.4
2106407,34,31,62,1353,10.1,0.5,0.424,0.298,1.1,12,6.4,21.6,2.8,0.8,18.8,19.4,-0.7,1.2,0.6,0.02,-2.3,-0.5,-2.8,-0.3
4538020,6,23,54,1614,10.8,0.479,0.483,0.258,3,9.8,6.4,23.9,2.2,1.2,18.4,19.5,-0.6,2.5,1.9,0.057,-1.6,1.2,-0.4,0.7
5000000,14,28,52,1398,14.8,0.547,0.385,0.255,3.4,18.7,11.2,8,1.2,0.7,8.8,23,1.2,2.1,3.3,0.115,-0.9,-0.5,-1.4,0.2
1312611,62,23,41,223,6.3,0.498,0.298,0.447,3.6,4.7,4.2,4.1,1.3,0,5.1,11.8,0.1,0,0.2,0.038,-2,-2.7,-4.7,-0.2
6306060,18,31,76,1838,14,0.581,0.508,0.216,1.1,7.1,4.1,11.9,1.6,0.4,10.1,20.3,2.2,1.2,3.4,0.089,0.7,-2.2,-1.5,0.2
12782609,57,33,78,1967,14.9,0.55,0,0.299,9.8,24.1,17,10.8,1,2.6,13.5,15.6,2.4,2.3,4.7,0.116,-1.5,1.9,0.4,1.2
22642350,48,33,72,2374,17.3,0.531,0.309,0.33,3.6,25.4,14.2,21.5,1.1,4,14.1,25.7,1.3,2.6,4,0.08,-0.2,1.7,1.5,2.1
2500000,57,40,62,1241,12.4,0.544,0.409,0.285,1.7,10.1,5.9,18.8,1.7,1.1,16.7,21.3,0.4,1.6,1.9,0.075,-0.9,-0.4,-1.2,0.2
2904480,11,19,60,778,8.5,0.457,0.571,0.071,1.1,8.1,4.5,15.4,1.1,0.9,10.3,24.2,-0.9,0.5,-0.4,-0.027,-2.1,-3.3,-5.3,-0.7
1700640,19,21,61,581,8.8,0.504,0.458,0.186,2.7,11,6.9,7.4,1.3,1,11.1,16.1,0,0.3,0.3,0.023,-2.8,-2.5,-5.3,-0.5
2500000,62,28,54,1014,10.7,0.519,0.435,0.323,1,10,5.5,23.5,1.7,0.5,16.9,16.9,0.4,0.6,1,0.047,-2,-1.6,-3.6,-0.4
1312611,36,25,46,1404,14.3,0.579,0.319,0.174,1.9,10.8,6.4,16.3,1.5,0.8,11,19.1,2,0.7,2.7,0.093,0.6,-1.8,-1.2,0.3
1504560,22,22,26,324,5.9,0.446,0.444,0.244,1.7,10.7,6,5.6,1.6,0.3,9.1,15.2,-0.2,0.1,-0.1,-0.018,-4.3,-2.2,-6.5,-0.4
17190000,7,32,1,13,5.5,0.5,0,0,0,0,0,10.1,3.7,0,33.3,9.8,0,0,0,-0.019,-7.2,-1.4,-8.6,0
2759280,12,21,69,1339,11.6,0.55,0.42,0.157,1.6,11.5,6.4,12.4,1.5,0.9,12.3,16.9,0.8,1.3,2.2,0.077,-1.4,-0.3,-1.8,0.1
1974159,16,28,49,708,10.2,0.587,0.72,0.104,1.1,14.1,7.6,6.6,0.6,0.8,7.9,14.9,0.6,0.4,1,0.067,-0.8,-2.1,-3,-0.2
50000,62,24,2,8,-15.5,0,0,0,0,28.2,13.8,0,0,0,66.7,16.6,-0.1,0,-0.1,-0.443,-23.8,-2.1,-25.8,0
2947305,16,25,47,404,17.5,0.661,0.234,0.364,4.8,18.6,11.8,7,2.8,8.3,14.4,11.3,0.7,0.9,1.6,0.189,-0.7,6.2,5.5,0.8
2116955,37,31,58,1507,10.1,0.601,0.506,0.271,1.6,11.8,6.7,5.1,2.1,1.4,15.6,12.7,0.8,1.9,2.6,0.084,-1.4,1.3,-0.1,0.7
7000000,45,31,77,2527,20.5,0.575,0.391,0.36,1.8,6.7,4.3,26.5,1.6,0.6,13.1,29.9,5.6,1.3,6.9,0.131,3.9,-2.7,1.2,2.1
6286560,2,20,52,1780,12.5,0.444,0.523,0.126,4.2,17.3,10.8,29,2.4,2,18.6,17.4,-0.5,2.5,2,0.053,-0.8,2.4,1.6,1.6
33285709,1,33,78,2898,28.5,0.62,0.254,0.33,3.6,22.3,13.1,44,1.9,2.1,15.9,31.4,10.4,3,13.4,0.222,7.5,2.2,9.7,8.6
3821640,7,20,65,1949,15.3,0.551,0.466,0.188,3.9,23.6,13.4,6.2,0.9,1.8,8.1,21.7,1.5,1.6,3.2,0.078,-0.7,-1.2,-1.9,0
1471382,27,25,62,1367,20.3,0.613,0.031,0.338,12.3,21.6,17,8.8,3,2.1,10,15.8,3.5,2.2,5.7,0.2,1.2,2.4,3.6,1.9
148318,62,27,10,70,3,0.354,0.375,0,4.8,0,2.3,18.7,0,0,11.1,16.7,-0.1,0,-0.1,-0.063,-5.4,-5.4,-10.7,-0.2
6666667,62,26,54,782,12.3,0.509,0.648,0.112,1.7,10.2,5.8,10.3,1.9,0.6,5.1,19,0.5,0.8,1.4,0.083,-0.1,-1.5,-1.6,0.1
6655325,62,29,70,1302,6.4,0.512,0.476,0.21,3.7,10.5,7.1,4.3,1.1,0.9,12.4,10.5,0.2,0.6,0.8,0.031,-2.1,-0.5,-2.6,-0.2
4180000,40,27,78,1747,12.4,0.501,0.321,0.173,3.7,21.2,12.6,18.4,1.2,0.8,15.1,21.8,-0.2,1.9,1.6,0.045,-1.9,-0.2,-2.1,-0.1
21461010,2,32,72,2416,25.2,0.573,0.07,0.303,10.8,17.1,14,11.5,0.8,3,6.9,29.1,7.3,3.4,10.8,0.214,3.1,0.3,3.4,3.3
18868625,1,25,60,1931,25.1,0.61,0.374,0.24,1.9,10.8,6.4,30.9,1.7,0.7,10.4,31.1,6.3,2.7,9,0.224,7,-0.6,6.4,4.1
4666500,33,29,12,59,5.9,0.43,0.238,0.619,1.8,17.5,9.4,4.8,0.8,0,10.1,21.6,-0.1,0,0,-0.03,-7.6,-4.2,-11.8,-0.1
4087500,49,27,73,1289,19.4,0.623,0.037,0.339,9,28,18.6,16.9,1.3,6,19.3,17,2.3,1.9,4.2,0.157,-0.2,4.2,4,2
28703704,24,31,74,2387,19.6,0.6,0.63,0.283,3.1,16.1,9.7,30.4,1.7,0.5,14.5,21.6,6.8,2.9,9.7,0.195,5.5,0.4,5.8,4.7
1423560,27,22,76,2383,14.4,0.551,0.418,0.201,4,17.4,10.7,9.2,1,1.1,10.8,22.5,1.7,2.3,4,0.08,-0.2,-1.1,-1.2,0.5
7000000,51,36,70,1516,13.5,0.651,0.779,0.149,0.7,10.8,5.8,8,0.9,1.5,9.1,16.1,2.8,0.6,3.4,0.107,2.2,-2.2,0.1,0.8
92160,62,26,29,409,9.8,0.439,0.185,0.444,7.4,17.9,12.5,15.1,2,1.3,17.1,13,0,0.5,0.4,0.051,-3.8,2.2,-1.7,0
2151704,30,24,71,1906,15.7,0.579,0.13,0.326,4.7,17.8,11.2,14.7,2.9,2.5,16.3,13.5,2.2,3.7,5.9,0.147,-0.4,4.4,4,2.9
4503600,4,22,48,1553,20.4,0.539,0.256,0.309,4.5,18.1,11.3,6.3,1.1,6.4,8.4,31,1.4,1.8,3.2,0.1,-0.4,-0.2,-0.6,0.5
4046760,5,23,52,1525,14.5,0.488,0.201,0.173,1.6,14.3,7.8,33.3,3.3,1.6,17.3,24.7,-1,1.9,0.9,0.028,-1.4,1.4,0,0.8
8393000,23,28,71,1391,17.5,0.566,0,0.19,11.7,27.8,19.3,9.7,1.7,2.2,10.4,15.2,2.3,1.5,3.8,0.132,-0.9,1.2,0.4,0.8
17826150,11,27,69,2369,16.1,0.601,0.442,0.087,1.4,10.3,6.2,11.5,1.1,1.1,9.7,23.4,3,1.8,4.9,0.098,1.8,-2.2,-0.4,1
14100000,39,26,78,2857,17.4,0.579,0.327,0.282,1.7,15.2,8.5,17.6,2,0.6,11.8,24.5,4.4,2.2,6.6,0.111,1.6,-1.2,0.4,1.7
815615,62,25,38,481,14.6,0.543,0,0.388,13.9,19.6,16.7,8.9,1.1,3,13.6,12.8,0.8,0.5,1.2,0.123,-1.8,1.4,-0.4,0.2
1471382,30,21,62,819,14.4,0.581,0.024,0.455,10.9,15.4,13.3,6.1,1.8,4.9,12.6,12.3,1.2,1.2,2.5,0.144,-1.1,2.2,1.1,0.7
22642350,5,29,56,1556,22.4,0.608,0.441,0.367,7.2,30.3,18.9,9.6,1.3,1.3,9.6,25.3,4.3,1.6,5.9,0.183,2.4,-1.4,1,1.2
25000000,2,29,64,2196,26.2,0.643,0.337,0.331,1.7,19.4,11.2,25.3,1,4.2,12.9,30.3,7.2,2.9,10.1,0.221,5,0.9,5.9,4.4
17745894,8,24,70,2377,13.5,0.57,0.523,0.25,2.6,14.4,8.5,9.3,2.1,0.5,9.9,16.9,2.8,2.6,5.4,0.109,0.9,0.4,1.2,1.9
16910113,62,28,65,1789,14.5,0.547,0.405,0.297,1.6,13.9,7.7,20.1,2.7,2.2,17,22.5,0.2,1.9,2.2,0.059,-0.6,1.1,0.4,1.1
12921348,22,28,32,461,17.4,0.552,0.007,0.345,16.7,20.8,18.7,5.8,1.3,2.4,11.9,18.2,0.9,0.4,1.3,0.13,-1.1,-1.2,-2.3,0
12000000,9,27,77,2663,20.7,0.571,0.441,0.307,1.2,8.8,4.9,27.5,1.6,0.8,10.3,27.5,6.3,2,8.3,0.15,5.1,-1.9,3.3,3.5
2093040,15,22,77,2121,12.2,0.539,0.465,0.299,3.1,15.5,9.3,6.4,1.7,1.4,8.8,19.4,1.6,2.2,3.7,0.085,-0.6,-0.5,-1.1,0.5
10607169,13,26,73,1720,18,0.615,0.44,0.27,5.6,21.4,13.5,18.8,1.8,1.7,17,21.6,2.8,2.6,5.5,0.153,1.8,1.4,3.2,2.2
1312611,54,22,1,3,-31.6,0,0.5,0,35.9,0,18.4,0,0,0,33.3,44.2,-0.1,0,-0.1,-1.005,-29.5,-11.9,-41.4,0
1312611,54,22,14,134,3.6,0.386,0.273,0.182,0.8,10.8,5.6,23,1.1,0.7,17.4,28,-0.5,0.1,-0.5,-0.166,-8.2,-3.3,-11.5,-0.3
1312611,54,22,15,137,2.9,0.375,0.279,0.176,1.5,10.5,5.9,22.5,1.1,0.6,17.9,28.4,-0.6,0.1,-0.5,-0.185,-8.7,-3.5,-12.1,-0.3
18868625,15,26,9,210,26,0.572,0.315,0.342,3.1,19.1,11.1,17.7,4.3,3.6,11.1,30.6,0.3,0.5,0.9,0.197,2.7,3.2,5.9,0.4
6216840,1,22,78,2770,24.8,0.645,0.249,0.351,9.3,30.9,20,10.7,1.1,3.5,10.8,22.9,9.8,3.1,13,0.225,4.3,1,5.3,5.1
2947305,16,23,75,1966,19.1,0.529,0.008,0.292,9.6,26.8,18.3,11.6,1.5,4.3,14.7,26.6,0.6,3.7,4.3,0.105,-2.7,2.7,-0.1,1
2705040,10,21,65,1587,11.5,0.498,0.271,0.208,4.2,20.4,12.3,13,1.6,1.8,12.8,16.2,0.3,2.3,2.6,0.078,-2.7,1.8,-0.9,0.4
2247480,16,20,1,4,19.8,0.5,0,0,0,0,0,0,12.5,0,0,22.1,0,0,0,0.149,-0.7,4,3.2,0
2365560,15,22,65,1413,9.8,0.53,0.429,0.09,2.1,12.9,7.2,7.3,1,0.8,8.4,14.4,0.6,0.5,1,0.036,-1.8,-1.5,-3.4,-0.5
4615385,62,28,69,2180,10.9,0.518,0.574,0.211,1.5,12.6,6.8,9.9,1.7,1.3,9.8,18,0.4,1.6,1.9,0.043,-0.9,-0.2,-1.1,0.5
1579440,21,24,36,485,11.9,0.523,0.486,0.197,4.9,13.9,9.6,7.3,1.4,1,6.6,18.8,0.4,0.6,1,0.103,-1.1,-1.4,-2.5,-0.1
1524305,62,29,20,106,6.7,0.635,1,0.286,0,24,11.7,19.5,0.9,1.6,43.2,5.7,0,0.1,0.1,0.059,-3.9,1.1,-2.8,0
4149242,7,23,78,2099,19.8,0.605,0.05,0.468,8.8,22.8,15.8,15.6,0.9,1.7,16.1,25.2,3.8,2.4,6.3,0.144,0.3,0.5,0.8,1.5
2076840,15,22,24,275,10,0.517,0.662,0.162,7.4,14.7,11.1,5.9,1.1,0.9,10.2,13.9,0.2,0.1,0.4,0.063,-0.9,-2.3,-3.2,-0.1
25686667,17,27,77,2788,17.4,0.566,0.288,0.193,2.3,10.9,6.8,24.5,1.9,1.7,13.6,23.2,3.6,2.6,6.3,0.108,1.6,0.2,1.7,2.6
5400000,17,32,3,12,3.5,0.25,0,0,28.1,8.8,18.1,0,0,0,0,14.4,0,0,0,-0.015,-6,-7.4,-13.4,0
1471382,40,24,78,2601,13.7,0.556,0.385,0.159,2.9,8.9,5.9,13.1,2.3,2.4,13,18.2,1.9,3.5,5.4,0.1,0,1.5,1.5,2.3
6021175,37,30,2,6,-12.5,0,1,0,0,0,0,0,0,0,0,7.6,0,0,0,-0.189,-9.8,-2.3,-12.1,0
5090040,4,20,76,1929,11.8,0.482,0.235,0.296,4.8,14.2,9.4,10.2,1.9,1.4,12.2,25.7,-1.8,1.2,-0.6,-0.016,-3.1,-1.3,-4.3,-1.1
1471382,29,26,67,979,5.3,0.413,0.628,0.111,4.6,14,9.1,2.7,0.8,4,12.1,9.4,-0.5,1,0.5,0.023,-4.7,0.7,-3.9,-0.5
1394520,30,22,59,1312,11.2,0.579,0.53,0.243,3.1,16,9.6,7.7,1.5,0.9,10.1,12.5,1.4,1.3,2.8,0.101,-0.8,0.3,-0.4,0.5
92160,62,24,5,86,7.3,0.349,0.317,0.268,2.4,10.1,6.2,20.8,4.5,1.9,13.2,26,-0.3,0.1,-0.2,-0.118,-5.9,0.4,-5.4,-0.1
2328652,62,36,55,888,11.5,0.652,0.517,0.167,1.7,8.3,5,17.8,1.5,0.2,17.5,11.7,1.5,0.3,1.8,0.099,0.2,-2,-1.8,0.1
1471382,33,23,23,284,10.6,0.515,0.195,0.232,7.1,25.3,16.3,4.8,1.1,3,16.6,17.1,-0.1,0.5,0.3,0.056,-5.5,0.5,-5,-0.2
250000,27,29,2,37,15.7,0.643,0.357,0,6.1,2.8,4.4,35.7,0,2.2,22.2,21.1,0.1,0,0.1,0.124,1.3,-4.7,-3.4,0
11562500,46,25,77,1819,16.7,0.543,0.337,0.202,3.3,9.2,6.3,19.4,1.5,0.3,10.8,26.6,1.9,1.1,3.1,0.081,0.9,-2.6,-1.7,0.1
815615,38,23,53,774,18.7,0.646,0.017,0.235,9.2,19.2,14.6,17.2,2.1,5.7,18.9,13.8,1.7,1.4,3,0.189,0.4,4,4.4,1.3
6300000,62,28,69,2029,12.8,0.555,0.268,0.317,3.3,9.7,6.5,13.3,1.4,0.6,14.4,21.9,0.8,1.1,2,0.046,-1,-1.3,-2.3,-0.2
4186320,6,20,27,536,9.8,0.465,0.317,0.172,3.3,17.2,10.2,4.8,3,4.5,14.8,15,-0.6,0.8,0.2,0.022,-4.9,3.1,-1.8,0
15460675,5,25,74,1657,22.3,0.625,0.108,0.31,12.2,30.3,21.4,7.6,0.9,3.1,12.9,22.7,4.4,2.8,7.2,0.207,0.7,0.7,1.5,1.5
4000000,39,30,70,1069,13,0.573,0.45,0.171,5.5,19.5,12.6,5.9,1.1,0.9,6.5,15.6,1.6,1.5,3.1,0.138,-0.6,-0.3,-0.9,0.3
10497319,40,28,8,136,8.9,0.505,0.083,0.417,5.5,20.7,13,5.3,0.4,2,14.1,16.1,0,0.1,0.1,0.052,-5.6,-0.3,-5.9,-0.1
1524305,36,24,36,379,12,0.47,0.251,0.146,8.1,18.7,13.3,5.9,1.2,1.3,7.6,22.5,-0.1,0.4,0.3,0.037,-3.3,-2.1,-5.3,-0.3
18063850,1,27,39,1335,18.5,0.507,0.249,0.358,1.9,9.9,5.9,43.6,1.9,2.7,16.6,29,1,1.3,2.3,0.082,1.2,-0.2,0.9,1
11422536,14,27,72,1869,15.8,0.587,0.015,0.318,9.1,21.6,15.4,8.5,1.1,4.8,13.4,15.1,2.7,2,4.7,0.12,-1.3,1.8,0.5,1.2
1936920,19,20,71,1690,18.4,0.624,0.083,0.34,11.2,23,17.1,8.2,1.2,4,14.3,17.9,3.3,1.9,5.2,0.147,-0.3,1.7,1.4,1.5
1524305,55,26,52,523,16.5,0.542,0.027,0.242,13.1,22.8,17.9,11.6,0.9,0.5,13.8,20.4,0.6,0.7,1.3,0.121,-1.5,-0.2,-1.6,0.1
6100266,3,23,63,1912,22.9,0.573,0.203,0.442,8.4,29.8,19.5,18.2,1,4.8,15.6,33.5,2.3,3.9,6.2,0.156,0.2,2.6,2.7,2.3
1312611,52,24,6,38,11.7,0.521,0.167,1,18.7,12.4,15.5,0,2.6,0,18.8,12.7,0,0,0.1,0.079,-3.1,-4.6,-7.7,-0.1
1471382,43,25,50,520,10.2,0.522,0.351,0.17,2.4,10.8,6.7,9.8,1.3,0.2,12,17.9,0.1,0.4,0.5,0.044,-2.5,-2.2,-4.7,-0.4
9505000,10,36,51,1129,8.4,0.494,0.404,0.124,1.4,14.7,8.1,10.2,0.8,0.5,11.6,16,-0.2,1.2,0.9,0.04,-3.3,-0.4,-3.7,-0.5
14136364,62,30,78,2461,14.3,0.622,0.652,0.115,1.1,14.1,7.7,22.4,1.8,0.6,17.3,16,3.7,3.3,7,0.137,2,0.9,2.9,3.1
1524305,33,26,76,1916,13,0.626,0.576,0.169,2.8,11.3,7,9.6,0.9,0.7,12.1,16.7,2.7,0.8,3.6,0.089,1.1,-1.3,-0.2,0.9
3290000,41,30,74,1087,12.3,0.545,0.528,0.3,1.6,11.3,6.5,9.1,1.3,0.3,8,18.9,1.1,0.7,1.9,0.083,-0.5,-2.4,-2.9,-0.2
17765000,9,32,7,40,15.6,0.51,0,0.4,16.7,22.1,19.4,14,2.5,4.3,25.4,17.2,0,0.1,0.1,0.071,-2.3,3.3,1,0
19301070,30,28,56,2077,23.5,0.589,0.22,0.446,4.1,12.9,8.5,20.7,2.6,1,8.9,24.7,6.8,1.6,8.4,0.194,4.8,0,4.9,3.6
9000000,11,29,39,925,7.6,0.546,0.557,0.168,1.8,7.3,4.7,8.1,1.2,0.5,14.1,15.1,0.2,0.9,1.1,0.055,-1.8,-0.9,-2.7,-0.2
1713840,19,25,70,1574,14.5,0.531,0.37,0.387,2,9.6,5.7,30.6,1.8,0.4,13.3,17.3,2.4,0.9,3.3,0.1,0,-1.7,-1.8,0.1
12000000,62,29,1,25,16,0.597,0.167,0.583,0,0,0,27.3,0,0,16.6,31.3,0,0,0,0.087,-3,-10.4,-13.4,-0.1
7000000,12,25,77,1901,17,0.557,0.307,0.255,2.7,15.7,9.1,15.4,1.5,1.4,9.2,22.6,2.8,1.8,4.7,0.118,1.1,-0.2,0.8,1.4
104059,55,30,1,5,10.4,1,0,0,22.4,0,11.2,0,0,0,50,17.5,0,0,0,-0.03,-2.3,-6.1,-8.3,0
1524305,39,23,78,1585,15.6,0.596,0.245,0.497,5.7,16.1,10.7,5.1,0.9,4.1,9.1,16,3,1.8,4.8,0.145,-1.1,0.2,-0.9,0.4
1577320,39,27,9,39,8.3,0.444,0.625,0.125,2.8,26.4,14.3,0,0,6.8,10.6,22,-0.1,0.1,0,-0.053,-9.1,-3.6,-12.7,-0.1
19000000,19,29,66,2166,16.1,0.55,0.286,0.303,1.2,9.4,5.3,30.5,2.2,0.9,16.8,20.4,3,1.3,4.3,0.095,1.4,-1.3,0.1,1.1
2116955,5,31,74,1715,14.2,0.571,0.269,0.371,3.8,11.5,7.7,8.1,1.1,1.6,9.5,19.5,2.5,0.8,3.3,0.092,-0.7,-1.6,-2.4,-0.2
5645400,3,19,78,2383,15.1,0.586,0.293,0.308,2.2,15.7,9.1,8.3,1.6,2,10.8,19.4,2.9,3.9,6.9,0.138,-0.6,1.6,0.9,1.8
92160,62,22,6,98,6.9,0.452,0.29,0,2.3,16,9.1,10.8,1,0.9,16.2,16.5,-0.1,0.1,-0.1,-0.043,-5.9,-1,-6.8,-0.1
4956480,3,21,67,2062,13.3,0.556,0.376,0.287,3.6,14.3,9,8.4,1.6,1,12,21,1,3.2,4.2,0.098,-0.8,0.6,-0.2,0.9
815615,39,21,48,778,7.2,0.421,0.213,0.194,1.3,10.4,5.9,17.8,2.2,0.6,13.8,17.7,-0.8,0.7,-0.1,-0.008,-4.3,-0.5,-4.7,-0.5
2116955,18,30,62,584,21.8,0.634,0.029,0.233,10.8,18.5,14.9,8.1,1.6,7.6,9.2,18.8,1.5,1,2.6,0.212,0.2,2.5,2.7,0.7
2328652,10,40,47,762,8,0.531,0.746,0.063,0.8,6.5,3.6,9.7,2.4,1.4,13.6,10.1,0.2,0.5,0.7,0.043,-1.5,-0.7,-2.2,0
5225000,20,31,31,276,8.2,0.444,0.277,0.17,7.4,13.9,10.7,7.6,0.5,3.8,11.7,21.9,-0.3,0.2,-0.1,-0.009,-5.1,-1.2,-6.3,-0.3
2328652,22,34,58,1483,11.2,0.487,0.193,0.167,1.5,11.9,6.7,31.3,1.2,0.2,19.9,16.5,0.3,0.7,1,0.032,-2,-1.6,-3.6,-0.6
1713720,22,19,68,1341,17.6,0.634,0.037,0.387,10.9,17.7,14.3,5.6,1,4.1,15.3,16.7,2.5,1.3,3.9,0.139,-1.1,1.2,0.1,0.7
1471382,25,23,73,1661,10.5,0.516,0.198,0.234,6.6,15.8,11.1,7,1.2,2.8,13.6,17.1,0.1,1.3,1.4,0.04,-3.1,0.1,-3,-0.4
83129,62,26,3,9,-1.9,0,1,0,0,12,6.1,0,5.6,0,0,9.8,0,0,0,-0.141,-10.1,1.7,-8.4,0
10000000,22,32,45,626,8.7,0.554,0.682,0.264,1.3,13.4,7.3,16.2,1.7,1.2,17.5,10.1,0.4,0.3,0.8,0.058,-1.8,-0.2,-2,0
8533333,62,27,55,1542,14,0.53,0.26,0.227,10.8,24.4,17.4,8.3,1.1,1.5,12.4,17.9,1.3,1.3,2.6,0.081,-1.1,-0.2,-1.3,0.3
50000,62,27,15,274,11.4,0.634,0.778,0.049,1.2,11.4,6.4,5.2,0.9,2.4,8.8,14.3,0.4,0.2,0.6,0.099,1.1,-1,0.1,0.1
50000,62,25,3,18,7.5,0.508,1,0.286,0,11.6,6,0,0,4.6,11.3,21.1,0,0,0,0.023,-4.3,-4.4,-8.8,0
13954000,16,30,70,1873,15.9,0.575,0.308,0.26,3.6,17.2,10.4,22.7,1.9,2.2,17.1,19,2.2,2.8,4.9,0.126,0.1,1.9,2,1.9
28299399,3,28,69,2449,30.2,0.619,0.499,0.498,1.8,15.4,8.6,44.8,2.5,1.7,14.7,36.2,11.4,3.6,15,0.294,9.8,1.3,11.1,8.1
3028410,50,27,68,1540,11.8,0.592,0.391,0.314,5.3,11.1,8.1,6.7,1.5,1.1,11.6,13.6,2,1.1,3.1,0.096,-0.5,-0.4,-0.9,0.4
4736050,20,35,50,1013,8.2,0.489,0.508,0.082,1.4,9.5,5.6,23,1.3,0.3,21,13.7,-0.1,0.6,0.6,0.027,-2.6,-1.5,-4.1,-0.5
46080,62,24,3,27,22.6,0.599,0,0.417,16,21.2,18.5,0,0,0,6.6,25.6,0.1,0,0.1,0.159,-3.1,-9,-12.1,-0.1
3355320,7,20,77,2414,16.2,0.577,0.414,0.238,3.6,9.7,6.6,16.3,1.6,0.9,13,22.9,4,1.2,5.1,0.102,1.8,-2.1,-0.2,1.1
10942762,8,37,76,1566,13.5,0.527,0.425,0.154,1.3,5.5,3.4,17.1,1.2,0.4,10.8,24.2,1.1,0.3,1.3,0.041,0.3,-4.3,-3.9,-0.8
2825640,9,22,78,1429,17,0.648,0.006,0.272,12.4,16.1,14.3,5.6,1.2,5.4,16.2,14.6,2.9,2.2,5.1,0.17,0.3,2.9,3.2,1.9
1312611,47,23,33,155,3.8,0.331,0.432,0.068,2.9,7,4.9,8.7,1.9,2.1,9.9,14.3,-0.3,0.2,-0.1,-0.036,-5.8,0.3,-5.5,-0.1
4995120,3,22,28,353,15.4,0.584,0.029,0.21,6.3,19.4,12.8,5.9,0.4,3.9,12.2,21,0.3,0.3,0.6,0.083,-3.7,-0.7,-4.4,-0.2
6796117,34,27,76,2007,10.3,0.531,0.506,0.226,3.1,11.4,7.3,6.9,1.5,0.8,9.5,16.9,1,1.5,2.5,0.06,-0.8,-1,-1.8,0.1
50000,62,28,3,6,-2.3,0.5,0.5,0,0,0,0,0,0,0,33.3,21.4,0,0,0,-0.211,-10.5,-4.7,-15.3,0
6782392,2,22,27,621,17.3,0.559,0.254,0.164,5.3,16.4,10.9,13.7,1.6,1.4,10,23.3,0.7,0.5,1.2,0.094,0.1,-1.6,-1.6,0.1
13760000,18,32,76,2152,8.5,0.534,0.645,0.098,1.5,10,5.8,8.6,1.5,0.4,11.6,13.8,0.5,0.9,1.4,0.031,-0.6,-1,-1.6,0.2
23000000,11,33,67,2021,15.6,0.612,0.524,0.244,0.5,8.3,4.5,15.2,0.8,0.2,9.8,21.5,4.4,1.8,6.1,0.146,2.4,-2.5,-0.1,1
3903900,62,33,69,1603,17.8,0.545,0.454,0.148,1,13.3,7,45.1,1.1,0.2,16.3,24.9,2.3,1.1,3.3,0.1,2.4,-2.2,0.2,0.9
1312611,32,20,39,336,15.6,0.567,0,0.446,11.2,20.2,15.7,9.1,0.9,2.7,14.8,17.9,0.5,0.4,0.9,0.122,-2.6,0.2,-2.4,0
950000,35,20,32,401,15.6,0.599,0,0.22,11.8,23.7,17.6,9.7,1,1.6,18.8,17.9,0.4,0.3,0.8,0.093,-2.3,-0.5,-2.8,-0.1
6000000,62,29,78,1966,15,0.517,0.115,0.151,1.5,10.8,6.1,28,1.5,0.9,11.1,20.7,2,2,4,0.098,-0.9,-0.6,-1.5,0.3
1312611,42,22,16,180,11.6,0.53,0.209,0.221,2.3,13.1,7.7,19.7,2.2,0.8,20.3,28.4,-0.3,0.2,-0.1,-0.035,-4.2,-1.3,-5.5,-0.2
6261395,60,28,32,862,12.6,0.508,0.447,0.311,2.2,6.3,4.2,27,0.8,0.3,16.6,28.8,-0.1,0.3,0.2,0.008,-0.9,-4.3,-5.2,-0.7
1312611,62,23,64,1086,11.2,0.499,0.195,0.379,2.3,6.8,4.5,27,1.4,0.8,15.5,19.7,0.4,0.4,0.8,0.035,-2.7,-2.5,-5.2,-0.9
1069308,34,26,20,422,13.5,0.539,0.482,0.372,1.5,10.1,5.7,26.7,1.8,0.2,15.4,18.9,0.5,0.1,0.6,0.072,0.1,-2.5,-2.4,0
10337079,17,27,14,276,6.4,0.48,0.448,0.259,2.9,13.6,8.3,8.1,1.6,1.2,19.9,13,-0.2,0.2,0,-0.006,-3.9,-0.1,-4,-0.1
950000,47,19,10,28,23.2,0.558,0,0.667,20.4,16.1,18.2,0,1.8,9.5,14.7,21.8,0.1,0,0.1,0.177,-4.1,-1.4,-5.4,0
16661641,28,31,74,1096,12.9,0.614,0.008,0.523,13.7,17,15.4,6.9,1.7,3.2,24.4,15.6,1,1.4,2.4,0.104,-1.7,1.7,-0.1,0.5
1577230,62,26,72,1398,9.1,0.525,0.391,0.124,0.8,8.4,4.7,10.1,1.1,0.6,10.2,17.3,0.1,0.8,0.9,0.029,-2.2,-2,-4.2,-0.8
1780800,18,21,34,242,7.7,0.422,0.389,0.148,4,24.2,13.9,10.7,0.6,0,10.8,23.6,-0.4,0.3,-0.2,-0.033,-5.9,-2.4,-8.3,-0.4
23775506,33,28,51,1303,24.1,0.578,0.004,0.33,14.2,36.9,25.6,6.8,1.4,5.8,12.8,24.4,2.2,3,5.2,0.19,-2.1,2.4,0.2,0.7
23112004,7,25,75,2561,16,0.542,0.272,0.262,3.2,17.2,10,10,1,0.5,8.2,25.2,2.1,1.9,4,0.075,-0.6,-1.2,-1.8,0.1
2247480,16,22,31,182,10.5,0.543,0.689,0.378,9.2,15.4,12.4,11.1,0.6,0.9,17.3,15.6,0.1,0.2,0.4,0.101,-1.1,-0.4,-1.5,0
17884176,7,27,47,951,20.2,0.586,0,0.303,11.8,25.2,18.4,16.8,2,1.7,17.9,22.4,1.3,1.4,2.7,0.134,-0.5,1.9,1.3,0.8
14112360,21,28,75,1281,14.2,0.536,0.147,0.266,8.8,22.2,15.4,7.6,1.7,2.5,12.4,16.2,1.3,1.2,2.5,0.096,-1.3,0.6,-0.7,0.4
29727900,9,27,1,5,7.4,0.5,0.5,0,0,21.6,11,0,0,0,0,17.9,0,0,0,0.057,-5.9,-6,-11.9,0
17000450,45,31,73,2324,16.8,0.544,0.281,0.255,2.6,12,7.3,25.4,1.3,0.4,12.1,25.8,3,2.4,5.4,0.111,1.2,-1.1,0.1,1.2
1524305,40,24,19,241,8.9,0.443,0.322,0.119,3.8,8.4,6.1,7.2,2.3,0.4,3.1,11.9,0.1,0.2,0.3,0.058,-2.4,-0.4,-2.7,0
22471910,15,23,73,2698,27.7,0.603,0.099,0.465,6.8,25.1,16,23.7,1.9,3.3,11.6,31.3,8.6,3.5,12.1,0.214,4.2,1.8,5.9,5.4
50000,62,24,7,64,7.4,0.53,0.833,0.111,1.7,10.7,6.1,6.7,1.6,0,9.6,14.8,0,0,0.1,0.043,-1.7,-1.8,-3.5,0
947248,18,32,37,825,14,0.558,0.721,0.146,1.9,14,8,4.4,1.4,1.3,5.2,21.7,1,0.9,1.9,0.112,0.6,-2.3,-1.8,0.1
2301360,13,20,16,118,10.7,0.415,0,0,11.1,24.3,17.4,11.5,0.9,4.8,16.3,18.6,-0.2,0.1,0,-0.02,-6.3,1.3,-5.1,-0.1
100000,50,24,7,18,15,0.394,0.375,0.25,12.8,18.8,15.8,26.7,5.6,0,18.4,27.3,0,0,0,0.008,-2,3.5,1.5,0
20000000,26,31,65,1783,13.2,0.581,0.399,0.273,2.6,8.9,5.7,14.9,1.6,1.3,13.2,16.4,2.3,0.8,3.1,0.083,0.3,-1,-0.7,0.6
50000,62,25,19,149,7.6,0.414,0.319,0.064,6.1,11.7,8.9,12.4,1,1.7,5.8,15.3,0,0.1,0.1,0.021,-3.4,-1.7,-5.2,-0.1
2550055,19,23,65,2265,16.6,0.599,0.436,0.175,1.8,6.8,4.3,13.1,2.6,0.6,11,20.6,3.9,1.4,5.4,0.113,2.5,-1.6,1,1.7
8000000,62,31,65,1615,10.2,0.536,0.477,0.164,1.5,9.6,5.4,11.2,1.8,1.6,13.4,16.4,0.3,0.8,1.1,0.033,-1.3,-0.7,-2,0
1465920,26,20,12,69,6.5,0.446,0.625,0.167,3.3,13.6,8.6,6,1.4,1.2,7.2,17.2,0,0.1,0,0.034,-3.7,-1.6,-5.3,-0.1
1312611,62,23,73,1478,16.2,0.562,0.478,0.184,1.9,11.7,6.9,22.6,2.2,1,10.7,19.1,2.9,1.9,4.7,0.154,2.1,0,2.2,1.6
3501120,8,19,74,1566,6.5,0.429,0.313,0.15,2.3,9.2,5.8,19.8,1.9,0.9,20.5,17,-2.1,1,-1.2,-0.036,-3.9,-0.5,-4.4,-0.9
1184385,34,23,51,972,13.1,0.479,0.224,0.301,3.4,12.1,7.5,22.8,1.8,1,12.7,22.5,0.1,0.5,0.6,0.028,-1.8,-1.5,-3.3,-0.3
2847600,9,24,76,1755,14,0.542,0.38,0.281,2.7,14.4,8.4,10.8,1,0.9,7.9,20.3,2,1.3,3.2,0.089,0,-1.2,-1.2,0.4
17131148,2,29,75,1910,9.9,0.519,0.224,0.195,1.7,11.5,6.6,12.4,1,1.1,13.5,15.7,0.6,1.8,2.4,0.06,-2.4,0.3,-2.1,0
17000000,20,25,57,1837,15.6,0.577,0.418,0.216,1.4,9.5,5.4,14.8,1.3,0.7,9.8,23.3,2.5,0.9,3.4,0.089,1.6,-2.1,-0.4,0.7
8445024,55,28,78,2468,11.9,0.587,0.364,0.079,2.5,7.5,5.1,10,1.5,0.4,10.7,16.2,2.4,1.5,3.9,0.075,0.5,-0.8,-0.4,1
6000000,36,30,65,1627,14.5,0.555,0.414,0.216,7.6,17.5,12.6,7.6,1.7,1.2,9.7,18.4,1.9,1.7,3.6,0.106,0,-0.2,-0.2,0.7
1739333,62,26,63,715,13,0.511,0,0.26,11,27.4,19,13.5,1.7,5.7,25.9,9.3,0.4,1.4,1.9,0.125,-3.6,5.8,2.2,0.8
12943020,7,29,68,2127,15.3,0.58,0.623,0.251,1.3,7.6,4.5,11.6,1,1.1,10.8,24.8,3,1.7,4.7,0.106,1.5,-2.5,-1,0.6
14500000,18,28,70,2209,19.3,0.577,0.364,0.318,2.6,11.5,7.1,24.9,3.2,1.5,16.1,26.3,2.6,2.3,4.9,0.107,2.2,-0.4,1.8,2.1
20566802,3,25,71,1830,24,0.63,0.003,0.258,16.6,30.6,23.7,9.5,1,1.8,13.3,21.8,5.5,2.1,7.6,0.198,2.5,0.1,2.6,2.1
3381480,7,21,63,1237,11.6,0.476,0.281,0.246,2.4,11.3,6.8,24.6,1.6,0.8,16.2,24.4,-0.7,0.7,0,0,-2.5,-2.2,-4.7,-0.8
239204,2,35,24,341,16.3,0.538,0,0.228,15.2,21.9,18.7,2.8,1.1,5.8,11.4,14.5,0.5,0.5,1,0.134,-2.8,1.2,-1.6,0
3332340,10,23,63,1808,16.6,0.538,0.138,0.252,3.8,12.8,8.3,34.9,2.2,1,18.5,21.8,1.4,1.4,2.9,0.076,0.1,0,0.1,1
3200000,6,30,59,783,15.3,0.566,0.009,0.487,9.4,11.4,10.4,9.1,2.7,7.8,12.5,9.2,1.3,1.7,3,0.185,-1.2,6.8,5.6,1.5
6352531,13,28,76,1439,15.8,0.61,0.003,0.387,13.9,28.6,21.3,4,1.1,2.9,15.8,12.2,2.6,2.4,5,0.168,-1.6,1.7,0.1,0.8
15550000,5,36,64,1476,15.5,0.506,0.163,0.281,3.8,14.7,9.3,23.7,1.9,2.6,15.5,26.1,-0.2,1.5,1.4,0.045,-2.1,0.5,-1.7,0.1
9003125,45,26,76,1587,18.7,0.661,0.173,0.43,8.9,21.1,14.8,8.1,2,1.7,10.6,15.4,4.4,2,6.4,0.193,1.1,1.6,2.7,1.9
23500000,1,32,78,2384,20.5,0.578,0.008,0.642,10.9,33.4,21.9,7.1,1,4.5,15.2,24.3,2.8,3.7,6.4,0.13,-2,1.7,-0.3,1
748160,62,28,29,427,12.8,0.498,0.227,0.207,3,7.7,5.3,22.4,2.2,0.4,15.3,26.4,-0.2,0.4,0.3,0.029,-2.5,-1.7,-4.2,-0.2
815615,40,22,53,713,5.8,0.431,0.224,0.13,0.6,18.6,9.4,7.6,1.1,0.2,10.2,13.7,-0.7,0.6,-0.1,-0.008,-5.5,-0.4,-5.8,-0.7
16400000,35,27,66,2171,16.4,0.555,0.409,0.28,4.1,21.1,13.2,29.1,2,3.2,21.8,17.1,2.8,3.4,6.2,0.138,0.6,2.9,3.5,3
4468800,4,20,79,1957,6.6,0.512,0.666,0.105,1.9,16.2,8.9,9,0.5,2.1,18.3,12.6,-0.9,0.7,-0.2,-0.006,-3,0,-3,-0.5
3294994,11,26,79,1724,10.5,0.579,0.42,0.164,2.6,10.2,6.3,6.6,0.5,0.8,9.4,15,1.7,0.6,2.3,0.064,-0.7,-1.7,-2.4,-0.2
1312611,62,24,18,344,6.3,0.468,0.595,0.155,5,13,8.9,7,1,1,15.1,14,-0.2,0.2,0,0.005,-3.5,-0.2,-3.7,-0.1
2621280,13,21,75,2512,16.5,0.541,0.407,0.209,2.2,10.1,6.2,19.2,2.2,0.9,12.7,29,1.2,3.5,4.7,0.089,1.2,-0.3,0.8,1.8
2550000,11,21,70,1711,17.3,0.57,0.054,0.346,10.5,25.3,18,12.6,1,1.5,15.7,21.7,2.4,2.1,4.5,0.125,-0.8,0.4,-0.4,0.7
5000000,9,39,77,1900,16.7,0.575,0.445,0.142,1.3,25.1,12.8,10.4,1.1,2.1,6,20.5,2.6,2.2,4.9,0.123,0.1,0.3,0.4,1.2
11000000,4,26,30,918,10.5,0.487,0.415,0.168,1,8.5,4.7,19.8,1.3,0.8,13.7,25,-0.7,0.9,0.1,0.006,-2.1,-1.9,-4,-0.5
815615,45,22,78,2220,9.1,0.526,0.343,0.187,2.3,10.1,6.1,8.4,1.5,0.7,12.8,17.9,-0.3,1.1,0.9,0.018,-2.2,-1.3,-3.4,-0.8
1312611,31,21,58,841,16.7,0.624,0,0.23,9,21.7,15.2,7.3,0.8,3.9,10.1,15.4,1.7,0.8,2.5,0.142,-1.3,0.5,-0.8,0.3
6000000,62,28,59,1458,15.7,0.599,0.301,0.166,7.4,28.1,17.8,9.2,1.3,2.7,14.8,17.1,1.6,1.7,3.3,0.11,-1.1,1.5,0.4,0.9
4402546,5,34,67,1272,12.8,0.561,0.493,0.384,1,9.8,5.3,16.7,1.8,0.8,13,20.1,1.4,0.9,2.3,0.087,-0.3,-1.6,-1.8,0
2319360,13,21,54,1865,18.1,0.561,0.364,0.312,1.5,12.7,7,24.5,1.2,0.6,13.9,31.6,1.9,0.5,2.4,0.063,2.9,-2.4,0.5,1.2
104059,2,26,2,9,-3.2,0.25,0.5,0,0,11.8,5.9,0,0,0,0,18.9,0,0,0,-0.192,-11.5,-6.7,-18.2,0
1404600,29,23,17,139,15.9,0.646,0.394,0.606,4,16.9,10.4,9.3,1.5,1.8,12.6,15.4,0.3,0.2,0.5,0.171,0,0.5,0.5,0.1
2116955,1,29,21,366,12.3,0.515,0.164,0.267,4,6,5.1,14.6,0.7,0.9,14.8,26.2,-0.1,0,-0.1,-0.01,-3.5,-4,-7.4,-0.5
1312611,62,20,19,245,10.3,0.488,0.346,0.462,9.6,7.8,8.7,5.1,0.8,4.4,10.1,12.7,0.2,0.3,0.4,0.081,-2.5,0.8,-1.7,0
12000000,3,26,73,2044,18.8,0.594,0.084,0.319,10.6,18.4,14.5,8,1.3,3.2,10.3,18.5,4.3,3.2,7.5,0.176,0.4,2.1,2.5,2.4
2186400,14,24,77,2095,12.1,0.527,0.513,0.071,2.4,18.3,10,17.8,1.5,0.5,11.8,17.5,1,1.6,2.6,0.059,-0.4,0,-0.5,0.8
3218280,9,20,67,1978,12.8,0.475,0.333,0.189,2.6,11.8,7.1,29,1.7,0.7,15,29.1,-2.3,1.7,-0.7,-0.017,-1.5,-0.7,-2.2,-0.1
15500000,17,24,67,2078,17.3,0.515,0.229,0.231,2.4,8.8,5.6,36.4,1.7,0.2,12.7,30.4,1.6,1,2.6,0.06,1.5,-2.2,-0.7,0.7
92858,45,23,3,17,24.6,0.82,0.25,0.5,6.6,0,3.2,35.5,2.8,0,17,14.8,0.1,0,0.1,0.298,5,-4,1,0
14800000,27,31,73,2180,14.3,0.55,0.498,0.313,5,18.4,11.7,10.6,1.3,1,10.3,19.8,2.3,1.8,4.1,0.09,0.5,-0.2,0.2,1.2
18063850,5,27,48,1737,22.7,0.583,0.34,0.456,6.8,31,19.3,23.2,2.2,3.5,18.9,31.9,1.5,3.2,4.7,0.129,2,3.6,5.6,3.3
27739975,9,28,77,2616,21.3,0.558,0.202,0.399,2.4,10.4,6.5,24.8,1.6,0.6,9.5,29.7,6.8,2.6,9.5,0.174,2.9,-0.9,2,2.6
1645200,20,25,65,1339,16.8,0.577,0.342,0.261,3.8,11.5,7.7,19.8,2.5,2,14.2,17.2,2.4,1.9,4.3,0.153,1.3,1.6,2.9,1.6
1312611,29,21,78,1669,14.9,0.484,0.057,0.228,7,22.6,14.7,20.5,2.8,1.4,16.9,20.7,-0.3,3.3,3,0.085,-2.3,3.5,1.1,1.3
1577230,53,29,55,711,6.2,0.485,0.52,0.049,1.2,10.8,6.1,8.1,2.6,1.7,16.1,7.8,-0.1,0.7,0.6,0.037,-3.2,1.2,-2,0
22642350,35,29,73,2321,20.2,0.651,0,0.541,15,37.6,26.5,7.1,0.8,2.5,16.3,15.2,5.8,3.5,9.2,0.191,0.5,1.8,2.3,2.5
1567200,21,23,23,395,6.2,0.467,0.239,0.248,2.3,15.8,9.1,14.1,1.9,2.2,25.8,18,-0.9,0.4,-0.5,-0.06,-6.6,1.1,-5.5,-0.3
4609200,5,20,70,1928,11.2,0.477,0.188,0.242,1.6,9.7,5.5,24.5,1.8,1,16.1,23.2,-1.5,0.9,-0.6,-0.015,-2.8,-1.6,-4.4,-1.2
815615,32,22,18,195,5.2,0.386,0.492,0.169,1.1,16.8,8.8,6.5,2.5,0.8,9.9,15.3,-0.3,0.1,-0.2,-0.047,-5.6,-0.5,-6.1,-0.2
1312611,42,25,74,1067,14.2,0.587,0.691,0.136,1.9,13.9,7.8,10.4,1.2,2.2,8.4,17.4,1.6,1.5,3.1,0.137,1.3,-0.2,1.1,0.8
2328652,18,37,69,947,21.4,0.609,0.022,0.209,7.7,18.5,13.5,20.4,2.3,6,16.4,22,1.7,1.7,3.5,0.175,0,3.4,3.4,1.3
148318,62,26,2,6,31.4,0.931,1,2,0,0,0,0,0,0,21,35.8,0.1,0,0.1,0.464,11.9,-9.4,2.5,0
1312611,62,25,66,1529,12.8,0.561,0.121,0.532,5.4,16.2,10.6,9.4,1.8,1.7,13.1,15,1.4,1.4,2.8,0.087,-2.2,1.2,-1,0.4
10000000,21,30,65,1929,18.9,0.613,0.327,0.235,2.1,7.6,4.9,26.3,2.3,0.7,11.2,17.4,5.6,1.8,7.3,0.182,3.2,-1,2.2,2
7464912,27,29,19,141,8.4,0.559,0.489,0.064,2.4,9.6,6,9.3,2.8,1.8,23.7,19.5,-0.2,0.1,0,-0.012,-3.5,-1.1,-4.6,-0.1
2100000,46,27,78,1847,9.4,0.619,0.746,0.131,1,7.9,4.6,7.7,0.6,0.7,10.1,12.8,2.1,0.8,2.9,0.075,0.6,-1.7,-1.1,0.4
2422560,12,23,74,2229,16.1,0.587,0.447,0.239,7.5,16.7,12.3,13,1.1,0.7,13.4,20.9,3.7,2.8,6.5,0.14,1.7,-0.1,1.6,2
4992385,5,22,10,148,21.9,0.63,0.203,0.356,1.6,11.4,6.5,32.9,2,0.6,15,24.4,0.4,0.2,0.6,0.21,2.2,-1.1,1.1,0.1
2300000,33,30,70,1499,9.7,0.542,0.474,0.149,5.1,14.5,9.9,4.1,1.2,1.4,8.1,11.5,1,1.2,2.2,0.071,-1.5,-0.1,-1.6,0.2
10000000,46,30,67,1742,11.5,0.51,0.572,0.114,2.6,12.9,7.7,9,1.7,3.8,11,16.5,0.1,2.8,3,0.081,-1,2.3,1.3,1.5
20559599,6,29,21,671,13.9,0.545,0.434,0.34,1.5,14.8,8.3,8.9,0.9,1.2,8.1,20.6,0.8,0.4,1.3,0.091,0,-1.3,-1.3,0.1
815615,62,25,63,936,16.2,0.616,0.249,0.348,10.7,21.2,16.1,9.1,1.6,4.3,17.2,15.5,1.6,1.9,3.5,0.18,-0.8,3.5,2.7,1.1
5562360,2,21,44,1124,15.5,0.506,0.398,0.209,2.7,14.2,8.4,35.6,1.4,1.1,16.2,30.7,-0.4,0.8,0.4,0.017,0.8,-1,-0.2,0.5
1100000,44,23,40,356,8.9,0.489,0.409,0.13,2.2,15.2,8.7,9.2,1,0.2,9.7,16.5,0,0.2,0.2,0.022,-2.7,-2.1,-4.9,-0.3
92160,62,25,12,321,12.9,0.496,0.387,0.21,3.1,15.7,9.4,11.7,2.6,0.3,7.8,19.2,0.1,0.3,0.4,0.057,-1.4,-0.2,-1.5,0
2116955,62,38,19,152,4.9,0.405,0.462,0.103,3.8,8.1,6,7.8,0.7,0.6,10.9,13.4,-0.1,0.1,-0.1,-0.019,-4.3,-2.1,-6.4,-0.2
26153057,6,27,70,2558,25.1,0.594,0.444,0.383,2.6,10.9,6.8,30.9,1.5,0.9,11.1,30.4,9.5,2.6,12.1,0.227,7.6,-0.8,6.8,5.7
1312611,30,22,11,54,10.7,0.765,0,0.4,9,11.6,10.4,0,0,2.9,20.3,12,0.1,0,0.1,0.102,-2.6,-3.8,-6.4,-0.1
815615,48,22,29,159,16.6,0.575,0,0.513,10.8,13,11.8,7.3,1.9,4.6,5.9,13.7,0.4,0.2,0.6,0.18,-0.9,1.3,0.5,0.1
2135040,17,21,21,69,9.1,0.638,0.357,0.143,1.7,13.6,7.7,6.2,1.4,1.2,21.2,12.4,0,0,0.1,0.038,-3.5,-1.7,-5.2,-0.1
7250000,9,30,71,1679,15.4,0.613,0.512,0.359,1.9,8.3,5.1,24.1,1.5,0,16.1,18.4,3.2,0.8,4,0.115,1.6,-2.4,-0.8,0.5
7843500,62,25,51,856,12.3,0.619,0.005,0.346,8.8,16.7,12.6,8.6,0.6,1.1,17.5,13.4,1.1,0.5,1.6,0.088,-2.3,-0.2,-2.5,-0.1
11747890,22,32,73,2226,12.9,0.56,0.366,0.171,1.4,9.1,5.3,11.4,1.8,0.6,9.6,16.9,2.5,1.2,3.7,0.079,0.7,-0.7,0,1.1
7630000,29,26,78,2108,11.2,0.505,0.315,0.161,2.1,11.6,6.9,15.9,1.8,0.7,11.2,14.6,1.3,1.9,3.3,0.074,-1.1,0.1,-1,0.6
7579366,7,31,69,1121,11.1,0.535,0.331,0.297,3.7,10.3,7,7.7,3.2,1.1,12.8,14.3,0.6,1.5,2.1,0.089,-1.8,1,-0.8,0.3
7300000,11,29,19,46,5.2,0.34,0,0.4,7.5,25.4,16.4,5.9,2.2,1.9,5.4,17.9,-0.1,0.1,0,-0.033,-7.4,-0.6,-8,-0.1
12584270,4,25,33,627,16,0.602,0.019,0.545,11.3,19.4,15.3,7.4,1.1,2.8,14.6,15.7,1.2,0.7,1.9,0.144,-0.7,1.2,0.5,0.4
2334520,25,23,71,1955,24.6,0.65,0.002,0.383,13.5,31,22.3,5.8,1.4,5.8,11.6,19.5,6,3.9,9.9,0.242,0.1,2.9,3,2.5
24599495,4,32,55,1753,24.3,0.601,0.475,0.288,2.3,17,9.7,40.7,2.6,0.7,12.7,24.3,7,2.6,9.6,0.262,6,1,7,4
1471382,29,22,19,90,15.8,0.478,0.19,0.333,8.9,22.6,15.7,7.1,0,4.8,4,24.6,0.1,0.1,0.2,0.081,-3.8,-1.9,-5.7,-0.1
1312611,33,21,48,538,17.4,0.619,0,0.365,8.8,29.7,19.6,4.8,0.9,2.8,11,17.6,1.1,0.7,1.8,0.161,-2.6,-0.5,-3.1,-0.2
7420912,8,34,50,643,14.2,0.626,0.544,0.078,1.9,19.8,11,7.5,1.3,1.8,7.8,14.9,1,0.5,1.6,0.118,-0.1,-0.9,-1,0.2
23112004,38,29,36,691,13.7,0.578,0.517,0.115,2.3,13.1,7.5,16.5,1.3,1.5,12.5,18.3,0.7,0.4,1.1,0.079,0.3,-1.5,-1.2,0.1
2642857,62,22,57,584,10.9,0.605,0.442,0.227,2.7,17,10,6.8,1.6,0.4,14.2,15,0.4,0.4,0.8,0.068,-1.6,-1.5,-3.1,-0.2
26243760,3,33,75,2413,12.7,0.502,0.404,0.162,2.9,17.8,10.1,6.4,0.9,1.8,7.4,23.3,1.1,2.4,3.5,0.069,-2,-2,-3.9,-1.2
1632480,20,23,68,1781,14.2,0.523,0.335,0.258,3.1,12.1,7.6,26,2,0.9,15.6,22.6,0.7,1.4,2.1,0.056,-0.3,-0.3,-0.5,0.7
2203440,14,23,21,476,14,0.494,0.429,0.079,3.3,9.5,6.3,28.9,2.2,1.7,13.3,19.3,0.3,0.4,0.6,0.065,-0.2,-0.6,-0.8,0.1
1465920,26,20,24,165,7.1,0.41,0.148,0.241,10.1,20.3,15.2,12.2,1.5,1.5,19,19.6,-0.3,0.2,0,-0.01,-5.7,0.9,-4.8,-0.1
7936509,34,30,66,1251,13.2,0.55,0.764,0.154,1.6,10.9,6.3,5.7,1.4,1.2,5.7,22.1,1.4,1.3,2.8,0.106,1.9,-2.4,-0.5,0.5
23962573,10,26,77,2780,17.4,0.544,0.319,0.168,1.9,9.9,5.9,16,1.3,1,8.5,26.4,4,2.7,6.7,0.115,1.7,-1.1,0.6,1.9
3675480,6,24,77,1930,16,0.558,0.442,0.09,2.8,15.1,8.7,12.3,2,1,11.2,24.3,1.2,1.3,2.6,0.064,1.1,-1.6,-0.5,0.7
1312611,62,24,77,1462,9.1,0.523,0.457,0.141,0.8,7.3,4.1,8.1,0.9,0.1,6.8,16.7,0.7,1.3,2,0.065,-1.3,-1.8,-3.1,-0.4
2451225,20,22,11,99,8.5,0.398,0.567,0.2,7.7,15.6,11.5,6.9,1.5,3.8,10.9,16.6,-0.1,0.1,0,-0.012,-4.1,-0.2,-4.3,-0.1
22642350,10,29,70,1657,16.6,0.558,0.408,0.201,4.7,13.1,8.9,11.7,0.9,4.7,10.3,23.5,1.8,1.9,3.7,0.106,0.4,0.2,0.6,1.1
1331160,25,23,18,98,18.2,0.486,0.024,0.119,10.4,25.4,17.9,3.4,4.5,5.5,10.2,22.3,0,0.2,0.2,0.085,-4.9,2.2,-2.7,0
83129,62,25,18,237,10.1,0.527,0.256,0.233,3.8,13.1,8.4,13.1,3.8,1.9,24,11.7,0,0.4,0.4,0.072,-3.3,2.9,-0.4,0.1
815615,62,26,61,558,7.2,0.493,0.43,0.339,1.2,12.2,6.7,9.2,2.3,1,16.8,13.4,-0.3,0.8,0.5,0.043,-3.8,1.1,-2.7,-0.1
238020,10,28,11,156,14,0.51,0.52,0.18,2.3,13.5,7.9,30.3,1.6,2.2,18.2,19.2,0.1,0.1,0.2,0.066,-1.1,-1.8,-2.9,0
5519400,2,20,59,1975,13.9,0.536,0.138,0.371,3.1,13.8,8.5,17.6,1.1,1.8,14.4,22.2,1,1.8,2.8,0.068,-1.6,0.3,-1.3,0.3
5179760,8,30,28,381,19,0.596,0,0.324,9.8,19.3,14.4,5.6,1.7,6.4,6.4,14.7,0.8,0.5,1.3,0.165,-1.3,2.3,1,0.3
23775506,3,24,78,2819,18.7,0.566,0.357,0.245,2.3,11.4,6.9,21.2,1.7,1.1,11.6,27.8,4.3,2.4,6.7,0.113,2.8,-1,1.9,2.7
10500000,31,28,77,2386,13.8,0.603,0.454,0.244,1.4,10.9,6.2,7.1,1.1,0.3,10.2,18.9,3.6,1.6,5.1,0.103,1.1,-1.9,-0.8,0.7
9470614,27,25,75,2089,13.8,0.564,0.426,0.161,1.5,10.7,5.9,18.3,1.7,0.7,13.1,19.6,2,0.9,2.9,0.067,0.7,-1.6,-0.9,0.6
1516320,22,22,69,1553,20,0.548,0.28,0.199,10.3,22.3,16.1,13.6,1.5,1.1,9.9,26,2.2,1.4,3.6,0.111,1.4,-0.7,0.7,1.1
1524305,62,33,20,115,5.4,0.425,0.69,0.034,0,6.8,3.4,14.9,1.7,0,13.3,26,-0.3,0.1,-0.2,-0.08,-5,-4.3,-9.3,-0.2
7000000,62,29,35,286,25.1,0.611,0,0.621,13.9,29.8,21.7,12.5,1.5,3.3,16,28.8,0.8,0.5,1.2,0.208,-0.5,0.6,0.1,0.2
29512900,1,28,58,1970,19.6,0.544,0.323,0.331,4.1,19.8,11.9,28.1,1,0.8,12.6,28.9,3.2,1.9,5,0.123,2.8,0,2.8,2.4
17000000,7,25,78,1428,13.9,0.556,0.003,0.455,10.7,23.9,17.3,6.4,0.7,5,17.4,14.5,1.1,1.7,2.8,0.093,-3.7,2.1,-1.5,0.2
6168840,1,21,77,2614,19.8,0.555,0.012,0.335,5.9,19.3,12.8,37.4,2.4,2.1,19.3,22.2,4,4.7,8.7,0.159,0.9,3.5,4.4,4.2
5200000,7,24,52,968,9.2,0.517,0.424,0.166,3.6,11.4,7.4,7.5,1.9,1.4,14,19.5,-0.4,0.7,0.3,0.013,-2.6,-1.3,-3.9,-0.5
2490360,14,20,66,1324,15.6,0.564,0.021,0.526,9.7,21.7,15.7,11.2,1.2,2.6,13.6,15.9,2.1,1.9,4.1,0.147,-1.7,2,0.3,0.8
8808989,19,27,46,1433,9.7,0.496,0.325,0.131,1.7,7.3,4.5,10.4,1.8,0.5,13.3,23.5,-1.4,1.3,-0.1,-0.005,-2.8,-1.3,-4.1,-0.8
11825000,10,25,58,1965,12.9,0.531,0.445,0.193,1.5,6.3,4,17.1,1.8,0.7,10.8,20.7,1.5,1.1,2.6,0.064,1,-1.4,-0.4,0.8
2328652,27,32,51,657,5.5,0.508,0.425,0.17,0.7,10.5,5.5,6.2,0.3,1.1,11.3,12.4,-0.1,0.2,0.1,0.006,-4.3,-1.7,-6,-0.7
4328000,62,31,77,1402,11.7,0.506,0.037,0.187,9.1,22.3,15.8,9.4,0.7,2.8,14.6,16.4,0.4,2.4,2.8,0.097,-4,2.2,-1.8,0.1
92160,62,23,14,93,5.4,0.402,0.125,0.375,2.3,12.2,7.2,2.9,3.2,4.8,17.7,11,-0.2,0.1,0,-0.001,-7.5,3.8,-3.7,0
3290000,62,32,75,1624,13.5,0.652,0.777,0.278,3.1,12.6,7.7,7.5,0.9,1.1,9.8,14.7,3.4,1.5,4.8,0.142,2,-0.7,1.2,1.3
23775506,1,24,71,2582,28.9,0.615,0.113,0.406,7.8,24.9,16.6,10.8,2,5.5,8.7,29.8,8.5,4.5,13,0.241,3,2.3,5.3,4.7
1645200,23,21,30,186,23.2,0.737,0,0.351,13.5,18.4,16,4.4,0.3,6,13.2,18.1,0.7,0.2,0.8,0.219,1,-0.6,0.4,0.1
7574322,1,22,78,2832,13.2,0.509,0.26,0.244,3,10.7,6.8,8,1.5,1.5,8.9,23.6,0.5,1.4,1.9,0.032,-1,-1.5,-2.6,-0.4
1312611,44,23,56,1326,12.7,0.534,0.331,0.371,2,9.7,5.7,21.4,1.5,1.8,14,19.7,1,0.8,1.8,0.064,-0.9,-1.4,-2.3,-0.1
2328652,1,33,23,216,10.9,0.696,0,0.08,12.9,25.5,19.3,9.1,0.9,4.9,42.3,8.8,0.1,0.3,0.4,0.094,-3.6,3.6,0,0.1
9259259,26,26,39,1037,10.9,0.543,0.222,0.235,7.7,12.2,9.9,6,2.2,3.1,14.4,8.6,0.8,1.3,2.1,0.099,-1.4,2.8,1.4,0.9
14814815,9,34,63,1601,11.3,0.539,0.36,0.277,3.8,12.5,8.5,16,1.6,1.9,16,11.5,1.6,1.7,3.3,0.098,-0.7,1,0.4,1
23775506,9,24,76,2541,23,0.556,0.011,0.453,16.5,36.6,26.3,14.3,2.2,4.3,16,21.2,4.4,5.6,10.1,0.19,0.2,5.3,5.5,4.8
11000000,56,30,70,1094,14.2,0.563,0.123,0.353,11.7,18.3,15.1,13.3,1.9,3.3,16.6,12.7,1.7,1.9,3.6,0.158,-0.6,3.3,2.7,1.3
19332500,31,25,71,2085,11.1,0.54,0.634,0.155,1.3,14.3,7.7,7.9,1,1.1,8.4,18.6,1,1.3,2.2,0.051,-0.3,-1.2,-1.5,0.3
815615,62,25,13,49,9.2,0.663,0.615,0.231,0,13.5,6.9,2.9,1,1.6,17.3,15.5,0,0.1,0.1,0.076,-1.8,-1.5,-3.3,0
7319035,8,27,65,1950,12.4,0.529,0.586,0.144,5.1,22.3,13.8,5.8,1.9,1.5,10.7,14.9,1.2,3,4.2,0.103,-0.5,1.7,1.2,1.6
778668,62,24,24,101,8.5,0.52,0.44,0,7.9,11.1,9.5,2.7,1.5,0.9,7.4,11.9,0.1,0.1,0.2,0.078,-1.8,-1.6,-3.5,0
4187599,5,24,66,1324,19.4,0.615,0.003,0.638,13.4,27.2,20.1,8.5,1,3.7,14.2,16.6,3,1.2,4.3,0.155,-0.5,1.3,0.8,0.9
5725000,32,24,73,1095,9.1,0.573,0.755,0.145,2.3,8.8,5.5,3.4,1.6,0.7,7.7,12.7,1.3,0.9,2.2,0.095,-0.6,-1.8,-2.3,-0.1
10845506,12,26,62,1030,13.1,0.526,0.335,0.31,2,18.4,10.3,9.8,1.8,0.7,11.3,22.4,0.2,1.5,1.7,0.081,-2.7,-0.3,-3,-0.3
6000000,62,25,5,70,9.3,0.455,0,0.5,4.5,29.6,16.8,16.4,3.4,1.2,24.2,17.5,-0.1,0.1,0,-0.004,-6.5,2.7,-3.7,0
9769821,15,33,34,462,19.9,0.557,0.005,0.163,7.4,25.3,16.4,10.1,1.7,4.4,8.7,22.2,0.7,0.8,1.5,0.154,-1.8,1.4,-0.5,0.2
27734405,3,31,70,2219,17.5,0.577,0.301,0.153,4.8,20.1,12.6,23.9,0.9,2.9,14.3,18.4,3.8,3.8,7.6,0.164,1.1,3,4.1,3.4
1167333,58,24,44,463,5.7,0.464,0.477,0.269,2.4,12.1,7.3,7.2,1.4,1.6,17.1,16.9,-0.6,0.7,0,0.004,-5.3,0.3,-5,-0.3
83129,62,23,7,164,6.6,0.411,0.644,0.244,1.3,12.6,6.8,8.6,2.1,1.1,3.9,14.4,-0.1,0.2,0.1,0.019,-3.2,0.3,-2.9,0
5504420,4,22,55,1838,16.6,0.531,0.393,0.263,5.2,21.8,13.4,11.7,1.4,1.9,9.7,24.5,1.1,1.9,3,0.078,0.1,-0.1,0.1,1
2116955,26,33,31,188,10.1,0.508,0.449,0.159,4.3,6.2,5.2,15.2,1.6,0,11.9,19.7,0.1,0.1,0.2,0.039,-0.5,-3.7,-4.1,-0.1
